,name,x1,x2,y1,y2,classname
0,0001.jpg,441,108,341,416,
1,0003.jpg,1292,218,865,1088,
2,0004.jpg,630,176,212,266,
3,0006.jpg,441,668,57,70,
4,0007.jpg,922,565,102,121,
5,0007.jpg,1696,171,133,145,
6,0007.jpg,1368,391,88,89,
7,0007.jpg,231,228,145,165,
8,0009.jpg,613,412,126,134,
9,0010.jpg,770,292,143,173,
10,0010.jpg,558,308,114,141,
11,0011.jpg,204,72,65,85,
12,0011.jpg,406,106,70,97,
13,0012.jpg,1089,433,58,80,
14,0012.jpg,144,326,63,77,
15,0012.jpg,896,389,60,75,
16,0012.jpg,779,360,66,76,
17,0012.jpg,85,381,43,52,
18,0014.jpg,750,192,26,30,
19,0014.jpg,578,124,24,24,
20,0015.jpg,295,343,108,135,
21,0017.jpg,476,51,56,71,
22,0018.jpg,334,43,127,173,
23,0020.jpg,1138,82,303,405,
24,0021.jpg,162,79,31,33,
25,0021.jpg,102,312,16,22,
26,0022.jpg,752,190,90,91,
27,0022.jpg,360,205,18,23,
28,0022.jpg,501,237,87,92,
29,0023.jpg,408,21,381,537,
30,0024.jpg,379,143,114,134,
31,0025.jpg,549,163,113,141,
32,0025.jpg,86,133,82,101,
33,0025.jpg,930,244,105,108,
34,0025.jpg,377,40,87,97,
35,0025.jpg,784,472,85,116,
36,0025.jpg,357,369,103,134,
37,0025.jpg,398,136,44,52,
38,0026.jpg,396,156,78,92,
39,0026.jpg,430,264,70,77,
40,0026.jpg,568,103,52,62,
41,0026.jpg,65,97,38,46,
42,0026.jpg,248,150,83,94,
43,0026.jpg,652,78,85,101,
44,0026.jpg,281,62,51,63,
45,0026.jpg,39,40,40,52,
46,0027.jpg,285,86,114,123,
47,0028.jpg,155,134,29,37,
48,0029.jpg,441,56,135,184,
49,0029.jpg,147,145,29,34,
50,0030.jpg,657,373,205,218,
51,0030.jpg,998,462,215,232,
52,0031.jpg,6,276,28,31,
53,0031.jpg,136,296,39,44,
54,0031.jpg,512,248,47,57,
55,0032.jpg,1302,447,175,213,
56,0032.jpg,271,505,157,187,
57,0034.jpg,545,126,57,66,
58,0035.jpg,454,735,157,196,
59,0035.jpg,106,563,22,26,
60,0036.jpg,198,82,77,90,
61,0036.jpg,156,107,22,32,
62,0036.jpg,308,92,37,60,
63,0037.jpg,180,138,197,218,
64,0038.jpg,348,73,46,55,
65,0038.jpg,138,103,52,63,
66,0038.jpg,613,236,28,32,
67,0039.jpg,1354,703,15,21,
68,0039.jpg,205,95,170,191,
69,0039.jpg,1023,160,185,202,
70,0040.jpg,312,89,103,131,
71,0040.jpg,735,200,114,130,
72,0041.jpg,780,356,37,44,
73,0041.jpg,475,226,40,47,
74,0041.jpg,850,438,63,68,
75,0041.jpg,528,319,64,74,
76,0041.jpg,264,283,77,73,
77,0041.jpg,681,297,32,35,
78,0043.jpg,923,432,407,479,
79,0044.jpg,368,221,41,52,
80,0044.jpg,824,194,52,65,
81,0044.jpg,275,188,50,57,
82,0044.jpg,681,257,79,95,
83,0044.jpg,895,196,47,57,
84,0044.jpg,45,288,81,101,
85,0044.jpg,449,238,47,57,
86,0044.jpg,681,231,42,53,
87,0044.jpg,-5,168,62,78,
88,0044.jpg,1089,193,25,30,
89,0045.jpg,797,312,88,106,
90,0045.jpg,232,108,57,74,
91,0045.jpg,265,295,70,107,
92,0045.jpg,401,105,64,62,
93,0045.jpg,30,211,109,172,
94,0045.jpg,810,747,38,48,
95,0046.jpg,1037,345,242,315,
96,0048.jpg,251,107,80,96,
97,0049.jpg,161,84,46,64,
98,0050.jpg,355,20,23,31,
99,0050.jpg,255,44,42,49,
100,0050.jpg,143,20,34,40,
101,0050.jpg,18,71,69,79,
102,0050.jpg,410,58,27,32,
103,0050.jpg,482,37,28,31,
104,0051.jpg,218,54,37,48,
105,0051.jpg,104,48,31,35,
106,0051.jpg,667,84,84,89,
107,0051.jpg,504,66,67,79,
108,0051.jpg,194,67,26,36,
109,0051.jpg,286,58,45,52,
110,0051.jpg,365,39,55,67,
111,0051.jpg,433,42,39,43,
112,0052.jpeg,169,278,87,107,
113,0052.jpeg,821,226,37,42,
114,0052.jpeg,665,99,35,43,
115,0052.jpeg,54,362,60,73,
116,0053.jpg,124,245,26,30,
117,0053.jpg,242,240,25,33,
118,0054.jpg,165,118,94,116,
119,0055.jpg,480,135,222,276,
120,0056.jpg,539,168,19,22,
121,0057.jpg,636,132,103,120,
122,0057.jpg,963,168,79,98,
123,0057.jpg,1104,168,64,85,
124,0058.jpg,707,153,110,134,
125,0058.jpg,395,158,115,131,
126,0058.jpg,197,103,74,123,
127,0058.jpg,942,35,70,101,
128,0059.jpg,396,153,168,227,
129,0060.jpg,1143,94,52,74,
130,0060.jpg,327,238,56,65,
131,0060.jpg,615,224,47,56,
132,0060.jpg,507,206,51,63,
133,0060.jpg,620,67,66,76,
134,0060.jpg,379,107,35,39,
135,0061.jpg,435,61,44,54,
136,0061.jpg,263,82,35,33,
137,0061.jpg,248,25,52,56,
138,0062.jpg,247,80,101,122,
139,0063.jpg,378,98,133,155,
140,0064.jpg,512,25,20,33,
141,0065.jpg,66,136,31,40,
142,0065.jpg,114,135,27,32,
143,0065.jpg,479,67,55,67,
144,0065.jpg,197,130,23,31,
145,0065.jpg,447,119,12,19,
146,0065.jpg,236,137,14,18,
147,0065.jpg,415,210,15,18,
148,0065.jpg,362,59,10,14,
149,0066.jpg,224,45,219,277,
150,0067.jpg,381,82,81,97,
151,0067.jpg,289,133,29,43,
152,0068.jpg,4,56,84,98,
153,0068.jpg,491,104,64,75,
154,0068.jpg,293,79,70,79,
155,0068.jpg,127,83,45,55,
156,0068.jpg,488,17,43,51,
157,0068.jpg,296,7,74,91,
158,0069.jpg,751,262,552,631,
159,0069.jpg,1615,364,243,298,
160,0071.jpg,440,51,45,52,
161,0072.jpg,554,170,127,162,
162,0072.jpg,400,372,115,139,
163,0072.jpg,785,257,142,173,
164,0072.jpg,214,295,124,156,
165,0072.jpg,521,113,40,49,
166,0073.jpg,500,50,24,29,
167,0073.jpg,301,75,29,35,
168,0073.jpg,292,63,31,44,
169,0074.jpg,310,172,64,79,
170,0074.jpg,58,320,34,41,
171,0075.jpg,226,154,234,304,
172,0076.jpg,242,217,101,122,
173,0076.jpg,567,267,91,112,
174,0076.jpg,750,208,118,155,
175,0077.jpg,227,76,49,63,
176,0079.jpg,350,94,44,59,
177,0079.jpg,435,102,43,50,
178,0081.jpg,73,188,89,109,
179,0081.jpg,409,168,71,99,
180,0083.jpg,343,38,131,166,
181,0083.jpg,138,59,128,180,
182,0091.jpg,414,111,197,248,
183,0100.jpg,407,185,129,154,
184,0113.jpg,350,110,149,164,
185,0117.jpg,556,59,94,122,
186,0117.jpg,615,430,37,45,
187,0117.jpg,179,142,58,72,
188,0119.jpg,438,72,128,154,
189,0119.jpg,171,158,99,119,
190,0119.jpg,749,154,81,96,
191,0119.jpg,917,215,53,56,
192,0122.jpeg,860,280,51,62,
193,0122.jpeg,735,304,51,56,
194,0123.jpg,1074,250,126,155,
195,0123.jpg,1899,323,101,120,
196,0123.jpg,463,326,103,127,
197,0124.jpeg,640,61,91,110,
198,0124.jpeg,295,93,97,123,
199,0125.jpeg,467,138,347,434,
200,0126.jpg,333,357,308,384,
201,0127.jpg,356,112,177,228,
202,0127.jpg,615,377,12,14,
203,0132.jpg,738,200,61,80,
204,0132.jpg,590,158,67,94,
205,0134.jpg,246,339,327,396,
206,0134.jpg,10,468,186,200,
207,0135.jpg,166,314,349,464,
208,0136.jpg,155,230,369,495,
209,0137.jpg,82,184,365,502,
210,0138.jpg,167,203,346,477,
211,0139.jpg,312,173,227,289,
212,0139.jpg,154,670,18,23,
213,0140.jpg,154,318,331,413,
214,0141.jpg,172,220,368,518,
215,0142.jpg,147,323,312,383,
216,0143.jpg,241,299,272,384,
217,0144.jpg,228,126,194,255,
218,0145.jpg,197,235,305,378,
219,0145.jpg,459,773,42,55,
220,0146.jpg,197,296,261,338,
221,0147.jpg,239,339,269,346,
222,0148.jpg,121,171,342,475,
223,0149.jpg,152,106,58,69,
224,0149.jpg,454,131,54,63,
225,0149.jpg,330,66,22,25,
226,0149.jpg,656,64,15,20,
227,0149.jpg,537,71,15,17,
228,0149.jpg,436,56,28,34,
229,0150.jpg,403,138,255,314,
230,0151.jpg,924,271,32,38,
231,0151.jpg,715,237,21,25,
232,0151.jpg,891,245,26,29,
233,0151.jpg,478,287,42,47,
234,0151.jpg,505,155,34,40,
235,0152.jpg,379,274,88,107,
236,0152.jpg,659,367,19,26,
237,0152.jpg,0,343,18,23,
238,0152.jpg,720,348,15,19,
239,0153.jpg,114,105,176,229,
240,0154.jpg,553,127,24,31,
241,0155.jpeg,1020,514,484,594,
242,0155.jpeg,1173,2508,48,59,
243,0155.jpeg,2273,2166,28,37,
244,0155.jpeg,1935,627,394,449,
245,0155.jpeg,931,2338,51,58,
246,0156.jpeg,206,168,201,226,
247,0156.jpeg,1087,99,274,308,
248,0156.jpeg,793,143,25,27,
249,0156.jpeg,989,202,75,90,
250,0158.jpg,199,168,246,301,
251,0159.jpg,1521,593,436,544,
252,0160.jpg,315,47,236,262,
253,0161.jpg,575,166,279,358,
254,0161.jpg,165,432,89,119,
255,0162.jpeg,468,133,27,38,
256,0162.jpeg,78,86,24,33,
257,0164.jpg,99,178,127,155,
258,0165.jpg,225,161,133,168,
259,0166.jpg,129,176,372,503,
260,0170.jpg,453,209,317,390,
261,0171.jpg,292,96,194,230,
262,0172.jpg,308,119,213,255,
263,0173.jpg,148,186,260,334,
264,0174.jpg,859,101,92,111,
265,0174.jpg,376,29,93,113,
266,0174.jpg,550,195,89,113,
267,0174.jpg,787,124,60,73,
268,0174.jpg,258,185,92,110,
269,0175.jpg,542,163,251,328,
270,0176.jpg,171,27,171,229,
271,0176.jpg,937,438,29,36,
272,0176.jpg,627,357,69,97,
273,0177.jpg,35,204,91,118,
274,0177.jpg,428,156,101,134,
275,0177.jpg,826,12,104,141,
276,0178.jpg,678,265,70,91,
277,0178.jpg,366,150,42,56,
278,0178.jpg,438,187,50,72,
279,0178.jpg,746,13,34,47,
280,0178.jpg,244,128,32,45,
281,0178.jpg,335,179,38,50,
282,0178.jpg,407,15,15,18,
283,0179.jpg,303,128,105,188,
284,0180.jpg,635,228,105,131,
285,0180.jpg,1132,147,102,133,
286,0180.jpg,182,133,74,100,
287,0180.jpg,601,5,77,96,
288,0181.jpg,561,86,272,319,
289,0181.jpg,268,50,62,75,
290,0181.jpg,358,61,54,63,
291,0182.jpg,443,196,64,64,
292,0183.jpg,670,76,99,103,
293,0184.jpg,601,95,230,274,
294,0186.jpg,384,156,314,423,
295,0187.jpg,316,43,118,160,
296,0187.jpg,515,148,104,141,
297,0187.jpg,442,381,23,30,
298,0188.jpg,161,122,120,151,
299,0189.jpg,313,131,81,113,
300,0189.jpg,183,97,84,117,
301,0189.jpg,441,152,81,111,
302,0190.jpg,283,102,137,172,
303,0191.jpg,86,202,43,54,
304,0191.jpg,436,229,55,69,
305,0191.jpg,346,247,31,42,
306,0191.jpg,496,244,30,45,
307,0191.jpg,183,177,63,74,
308,0192.jpg,249,145,239,325,
309,0193.jpg,791,74,123,140,
310,0194.jpg,88,96,100,122,
311,0194.jpg,641,81,109,141,
312,0194.jpg,174,266,64,71,
313,0194.jpg,288,436,58,69,
314,0195.jpg,757,197,41,53,
315,0195.jpg,340,269,77,91,
316,0195.jpg,448,276,98,137,
317,0195.jpg,539,183,38,47,
318,0195.jpg,264,213,43,60,
319,0195.jpg,828,245,54,68,
320,0195.jpg,887,209,37,44,
321,0195.jpg,408,213,28,35,
322,0195.jpg,443,191,41,48,
323,0195.jpg,78,291,120,160,
324,0195.jpg,97,201,36,45,
325,0195.jpg,173,223,65,80,
326,0195.jpg,693,185,45,51,
327,0195.jpg,144,184,43,54,
328,0195.jpg,691,228,48,58,
329,0196.jpg,372,81,128,141,
330,0196.jpg,282,92,88,105,
331,0198.jpg,660,116,189,251,
332,0199.jpg,528,122,169,180,
333,0199.jpg,64,56,163,214,
334,0200.jpg,352,244,499,603,
335,0201.jpg,480,214,299,386,
336,0203.jpg,540,-25,275,317,
337,0204.jpg,220,199,39,47,
338,0204.jpg,457,218,33,40,
339,0205.jpg,211,140,94,113,
340,0206.jpg,328,102,85,113,
341,0206.jpg,602,-2,83,100,
342,0206.jpg,405,193,115,131,
343,0208.jpg,466,132,71,78,
344,0208.jpg,902,92,22,26,
345,0209.jpg,104,37,35,39,
346,0209.jpg,419,224,32,36,
347,0209.jpg,533,124,33,38,
348,0210.jpg,122,91,61,84,
349,0210.jpg,249,79,73,95,
350,0210.jpg,201,114,50,65,
351,0210.jpg,455,103,69,92,
352,0211.jpg,146,194,517,578,
353,0212.jpg,298,69,165,197,
354,0213.jpg,534,233,205,242,
355,0214.jpg,438,146,59,75,
356,0214.jpg,155,113,52,65,
357,0215.jpg,49,253,78,96,
358,0215.jpg,547,129,63,78,
359,0215.jpg,117,222,49,69,
360,0215.jpg,679,144,91,118,
361,0215.jpg,629,182,55,88,
362,0215.jpg,612,396,54,72,
363,0215.jpg,358,313,110,103,
364,0216.jpg,285,80,174,200,
365,0217.jpg,185,23,48,76,
366,0218.jpg,556,175,120,145,
367,0218.jpg,181,10,30,41,
368,0218.jpg,415,147,91,115,
369,0219.jpg,151,73,209,284,
370,0220.jpg,142,312,353,485,
371,0221.jpg,185,84,84,112,
372,0222.jpg,145,274,39,50,
373,0223.jpg,126,73,170,224,
374,0224.jpg,316,178,338,416,
375,0225.jpg,233,69,243,324,
376,0227.jpg,197,340,420,515,
377,0228.jpg,235,385,246,339,
378,0229.jpg,161,301,272,338,
379,0230.jpg,238,74,89,122,
380,0232.jpg,599,140,111,146,
381,0232.jpg,379,392,57,79,
382,0233.jpg,434,884,324,381,
383,0233.jpg,1349,169,214,288,
384,0233.jpg,1143,132,243,294,
385,0233.jpg,-10,137,161,264,
386,0233.jpg,832,99,190,223,
387,0233.jpg,1710,844,265,302,
388,0233.jpg,659,210,148,171,
389,0233.jpg,957,606,290,311,
390,0233.jpg,1495,514,227,260,
391,0233.jpg,1460,10,191,226,
392,0233.jpg,456,158,160,210,
393,0233.jpg,237,374,239,274,
394,0234.jpg,503,142,138,165,
395,0234.jpg,335,180,95,115,
396,0236.jpg,333,395,51,66,
397,0237.jpg,594,190,152,208,
398,0239.jpg,483,179,209,254,
399,0240.jpg,125,72,80,98,
400,0240.jpg,324,94,76,88,
401,0240.jpg,158,172,20,22,
402,0241.jpg,410,152,308,381,
403,0243.jpg,469,399,68,97,
404,0244.jpg,253,127,479,583,
405,0245.jpg,352,182,318,410,
406,0246.jpg,124,52,281,345,
407,0246.jpg,87,186,64,101,
408,0247.jpg,149,119,227,290,
409,0247.jpg,183,376,150,144,
410,0248.jpg,1288,371,781,956,
411,0248.jpg,1855,1313,291,333,
412,0249.jpg,110,134,329,454,
413,0251.jpg,387,392,49,55,
414,0251.jpg,509,291,63,69,
415,0251.jpg,700,201,97,107,
416,0252.jpg,446,61,106,133,
417,0252.jpg,80,67,90,111,
418,0253.jpg,555,80,77,89,
419,0254.jpg,487,237,124,139,
420,0255.jpg,266,166,281,385,
421,0256.jpg,207,176,388,529,
422,0257.jpg,555,171,354,423,
423,0258.jpg,1238,178,217,279,
424,0259.jpg,339,81,156,209,
425,0260.jpg,366,112,196,262,
426,0260.jpg,758,243,160,232,
427,0261.jpg,249,131,115,142,
428,0262.jpg,289,56,89,97,
429,0262.jpg,807,54,82,109,
430,0262.jpg,156,105,104,122,
431,0262.jpg,607,177,72,99,
432,0262.jpg,509,291,48,58,
433,0262.jpg,834,144,67,85,
434,0263.jpg,430,41,83,99,
435,0263.jpg,134,172,68,79,
436,0263.jpg,562,70,39,50,
437,0263.jpg,140,64,93,107,
438,0264.jpg,530,161,78,99,
439,0264.jpg,1277,108,65,81,
440,0264.jpg,230,105,134,152,
441,0264.jpg,1627,246,67,86,
442,0266.jpg,599,119,22,29,
443,0266.jpg,172,13,17,21,
444,0266.jpg,653,251,30,32,
445,0266.jpg,366,221,38,52,
446,0266.jpg,143,12,15,17,
447,0267.jpg,288,100,390,471,
448,0268.jpg,623,104,76,84,
449,0268.jpg,747,824,50,59,
450,0269.jpg,207,-41,423,485,
451,0270.jpg,65,119,42,54,
452,0270.jpg,574,145,36,46,
453,0271.jpeg,152,123,72,85,
454,0271.jpeg,462,47,59,68,
455,0271.jpeg,233,78,68,82,
456,0271.jpeg,409,339,55,70,
457,0272.jpg,320,275,118,147,
458,0272.jpg,111,191,116,130,
459,0273.jpg,451,134,326,407,
460,0273.jpg,1004,349,42,53,
461,0274.jpg,552,90,88,123,
462,0275.jpg,129,68,83,103,
463,0276.jpg,328,71,153,199,
464,0277.jpg,329,76,389,483,
465,0279.jpg,143,96,63,88,
466,0280.jpg,433,183,16,29,
467,0280.jpg,332,182,14,20,
468,0280.jpg,130,75,94,116,
469,0281.jpg,533,131,164,190,
470,0281.jpg,874,171,62,71,
471,0281.jpg,48,64,69,83,
472,0282.jpg,479,52,128,163,
473,0282.jpg,371,132,123,149,
474,0282.jpg,222,158,116,163,
475,0283.jpg,704,103,54,64,
476,0283.jpg,99,116,58,68,
477,0283.jpg,268,50,66,75,
478,0284.jpg,156,129,427,600,
479,0285.jpg,279,110,245,311,
480,0286.jpg,551,100,260,318,
481,0287.jpg,1213,371,424,475,
482,0288.jpg,488,153,149,147,
483,0289.jpg,114,102,176,254,
484,0291.jpg,276,174,238,307,
485,0293.jpg,579,81,169,228,
486,0293.jpg,102,468,73,94,
487,0294.jpg,656,97,187,243,
488,0295.jpg,561,162,88,106,
489,0296.jpg,276,161,180,238,
490,0297.jpg,248,210,382,454,
491,0298.jpg,216,215,215,261,
492,0299.jpg,88,110,275,394,
493,0300.jpg,406,63,103,122,
494,0301.jpg,154,297,433,507,
495,0302.jpg,1607,435,336,341,
496,0303.jpg,242,132,72,90,
497,0303.jpg,346,125,72,85,
498,0305.jpeg,171,272,742,958,
499,0306.jpg,272,84,84,107,
500,0307.jpeg,269,233,447,600,
501,0308.jpg,139,103,19,22,
502,0308.jpg,460,78,22,25,
503,0308.jpg,538,53,38,46,
504,0308.jpg,400,99,16,19,
505,0308.jpg,31,107,29,36,
506,0309.jpg,470,247,573,698,
507,0310.jpg,512,409,29,36,
508,0311.jpeg,143,-38,468,508,
509,0312.jpg,455,180,71,85,
510,0312.jpg,273,176,66,78,
511,0312.jpg,433,217,20,30,
512,0312.jpg,526,195,20,28,
513,0312.jpg,580,157,42,56,
514,0312.jpg,541,190,17,23,
515,0314.jpg,1187,444,24,30,
516,0314.jpg,1101,166,103,144,
517,0315.jpg,247,101,124,160,
518,0315.jpg,71,129,84,98,
519,0315.jpg,868,51,95,116,
520,0316.jpg,647,418,107,130,
521,0316.jpg,592,188,51,64,
522,0316.jpg,402,165,62,75,
523,0316.jpg,110,41,117,136,
524,0316.jpg,871,217,59,69,
525,0317.jpg,375,180,167,195,
526,0318.jpg,448,278,153,173,
527,0318.jpg,873,275,40,49,
528,0319.jpg,93,54,132,187,
529,0320.jpg,524,206,183,215,
530,0321.jpg,205,89,140,155,
531,0321.jpg,508,285,99,112,
532,0322.jpg,454,48,39,43,
533,0323.jpg,118,111,337,431,
534,0324.jpg,298,154,93,101,
535,0325.jpg,505,184,158,180,
536,0326.jpg,230,234,21,24,
537,0326.jpg,308,265,45,60,
538,0326.jpg,396,88,38,47,
539,0326.jpg,89,179,51,50,
540,0327.jpg,637,628,676,1069,
541,0328.jpg,322,92,158,203,
542,0328.jpg,111,55,83,103,
543,0330.jpg,188,140,173,232,
544,0330.jpg,86,125,25,32,
545,0331.jpg,1367,1307,1104,1489,
546,0332.jpg,543,219,48,57,
547,0332.jpg,730,-15,260,326,
548,0332.jpg,132,234,35,42,
549,0332.jpg,323,193,103,127,
550,0332.jpg,372,358,39,46,
551,0332.jpg,84,359,27,30,
552,0333.jpg,376,128,109,142,
553,0333.jpg,285,168,97,110,
554,0333.jpg,53,112,124,143,
555,0334.jpg,401,197,99,127,
556,0334.jpg,544,385,79,87,
557,0335.jpg,165,150,85,105,
558,0335.jpg,1032,130,79,106,
559,0335.jpg,910,238,104,129,
560,0335.jpg,854,160,60,78,
561,0335.jpg,574,189,107,127,
562,0335.jpg,290,234,105,140,
563,0335.jpg,281,130,109,145,
564,0335.jpg,698,268,62,70,
565,0335.jpg,1214,859,62,72,
566,0335.jpg,-3,198,51,72,
567,0337.jpg,652,191,254,316,
568,0338.jpg,387,73,45,50,
569,0338.jpg,190,294,63,74,
570,0338.jpg,393,370,42,48,
571,0338.jpg,512,345,40,44,
572,0338.jpg,657,151,41,44,
573,0339.jpg,554,272,71,83,
574,0340.jpg,499,509,69,77,
575,0341.jpg,478,136,52,69,
576,0341.jpg,219,128,47,52,
577,0342.jpg,448,274,112,137,
578,0343.jpg,476,154,241,307,
579,0344.jpg,139,245,91,112,
580,0344.jpg,664,170,87,106,
581,0344.jpg,338,111,103,106,
582,0344.jpg,577,139,58,71,
583,0344.jpg,862,105,79,87,
584,0344.jpg,1004,127,60,80,
585,0344.jpg,842,154,91,87,
586,0345.jpg,594,386,48,51,
587,0346.jpg,37,132,122,149,
588,0346.jpg,306,158,124,153,
589,0346.jpg,644,224,117,149,
590,0346.jpg,575,65,119,149,
591,0347.jpg,287,109,130,159,
592,0347.jpg,840,0,302,346,
593,0347.jpg,545,193,146,185,
594,0347.jpg,97,297,136,172,
595,0347.jpg,208,149,73,87,
596,0347.jpg,116,200,92,114,
597,0349.jpg,455,200,145,177,
598,0349.jpg,574,186,133,177,
599,0351.jpg,1909,1068,83,111,
600,0351.jpg,747,493,140,162,
601,0351.jpg,1569,1119,71,91,
602,0351.jpg,1147,609,138,159,
603,0351.jpg,2361,1264,35,45,
604,0352.jpg,2334,1640,125,150,
605,0352.jpg,1045,964,62,86,
606,0353.jpg,872,708,123,146,
607,0353.jpg,1517,290,90,128,
608,0353.jpg,1383,313,153,176,
609,0353.jpg,1970,276,96,122,
610,0353.jpg,573,307,88,127,
611,0353.jpg,1135,1173,100,124,
612,0353.jpg,46,241,64,92,
613,0354.jpg,158,121,96,114,
614,0354.jpg,843,287,133,148,
615,0354.jpg,460,181,128,124,
616,0354.jpg,676,44,96,103,
617,0354.jpg,52,51,77,84,
618,0355.jpeg,810,217,282,318,
619,0356.jpg,879,119,246,315,
620,0356.jpg,1553,412,61,77,
621,0357.jpg,346,385,88,100,
622,0357.jpg,672,44,137,158,
623,0359.jpg,691,155,33,47,
624,0359.jpg,296,89,113,133,
625,0359.jpg,789,239,43,48,
626,0360.jpg,536,159,27,35,
627,0360.jpg,47,178,38,45,
628,0360.jpg,233,189,27,35,
629,0361.jpg,420,92,33,37,
630,0362.jpg,312,343,68,94,
631,0363.jpg,99,239,55,68,
632,0363.jpg,968,407,56,74,
633,0363.jpg,759,338,60,75,
634,0363.jpg,904,359,62,75,
635,0363.jpg,524,271,47,53,
636,0364.jpg,185,262,79,89,
637,0365.jpg,176,114,307,421,
638,0365.jpg,552,151,205,252,
639,0366.jpg,753,239,262,348,
640,0366.jpg,1091,319,347,458,
641,0368.jpg,378,112,24,31,
642,0368.jpg,166,94,26,33,
643,0368.jpg,262,112,23,29,
644,0368.jpg,38,123,34,40,
645,0368.jpg,460,126,24,31,
646,0368.jpg,325,105,22,25,
647,0372.jpg,175,155,364,454,
648,0373.jpg,193,231,262,312,
649,0374.jpg,124,253,415,523,
650,0375.jpg,184,150,65,78,
651,0375.jpg,431,97,115,137,
652,0377.jpg,329,280,270,346,
653,0378.jpg,489,60,94,133,
654,0378.jpg,283,49,83,132,
655,0378.jpg,366,126,187,226,
656,0379.jpg,454,412,205,268,
657,0379.jpg,692,395,181,219,
658,0380.jpg,215,434,123,161,
659,0380.jpg,549,320,170,233,
660,0380.jpg,737,745,54,72,
661,0381.jpg,487,100,198,282,
662,0382.jpg,328,84,369,486,
663,0383.jpg,708,122,94,108,
664,0383.jpg,259,131,185,213,
665,0383.jpg,930,100,39,41,
666,0383.jpg,875,110,30,38,
667,0383.jpg,621,104,36,43,
668,0383.jpg,1080,131,50,57,
669,0383.jpg,926,163,68,77,
670,0383.jpg,766,87,38,43,
671,0383.jpg,1148,105,32,39,
672,0385.jpg,658,201,541,747,
673,0388.jpg,393,67,77,90,
674,0389.jpg,94,91,190,243,
675,0390.jpg,328,163,306,442,
676,0391.jpg,403,78,209,277,
677,0392.jpg,0,91,40,42,
678,0392.jpg,448,125,48,64,
679,0392.jpg,358,156,33,39,
680,0394.jpg,284,188,69,79,
681,0394.jpg,459,77,62,78,
682,0394.jpg,32,138,84,105,
683,0394.jpg,263,112,72,89,
684,0395.jpg,233,270,117,145,
685,0395.jpg,598,128,156,172,
686,0396.jpg,677,27,51,65,
687,0396.jpg,934,169,18,20,
688,0398.jpg,425,57,33,43,
689,0398.jpg,221,124,55,71,
690,0398.jpg,480,36,39,44,
691,0398.jpg,4,48,11,16,
692,0400.jpg,596,99,76,92,
693,0400.jpg,254,132,64,89,
694,0400.jpg,413,90,61,69,
695,0401.jpg,454,106,89,110,
696,0402.jpg,198,168,57,73,
697,0402.jpg,699,136,64,77,
698,0403.jpg,840,223,100,121,
699,0403.jpg,335,301,113,130,
700,0403.jpg,1147,221,128,139,
701,0403.jpg,357,101,66,79,
702,0403.jpg,555,172,61,71,
703,0404.jpg,523,227,62,76,
704,0404.jpg,270,176,33,38,
705,0404.jpg,826,172,24,28,
706,0404.jpg,540,144,25,33,
707,0404.jpg,614,125,65,73,
708,0404.jpg,342,184,22,26,
709,0404.jpg,394,151,63,78,
710,0406.jpg,116,96,66,72,
711,0406.jpg,202,107,42,59,
712,0406.jpg,497,65,56,72,
713,0406.jpg,277,116,36,39,
714,0406.jpg,330,76,61,69,
715,0406.jpg,6,140,33,45,
716,0406.jpg,402,66,42,51,
717,0407.jpg,192,38,76,107,
718,0409.jpg,103,358,435,515,
719,0410.jpg,359,92,80,80,
720,0410.jpg,155,133,53,63,
721,0411.jpg,265,139,98,124,
722,0411.jpg,487,132,85,105,
723,0412.jpg,466,156,70,96,
724,0412.jpg,785,65,47,65,
725,0412.jpg,232,92,101,121,
726,0412.jpg,521,113,54,64,
727,0413.jpg,309,138,42,47,
728,0414.jpg,756,326,127,182,
729,0415.jpg,185,59,111,152,
730,0416.jpg,634,142,46,64,
731,0416.jpg,498,148,49,62,
732,0417.jpg,94,82,451,575,
733,0418.jpg,180,135,198,260,
734,0419.jpg,158,255,42,45,
735,0419.jpg,402,273,223,253,
736,0420.jpeg,950,134,263,350,
737,0421.jpg,284,121,184,207,
738,0422.jpg,274,209,91,115,
739,0423.jpg,292,190,15,21,
740,0424.jpg,206,173,64,79,
741,0424.jpg,276,147,48,71,
742,0424.jpg,453,125,52,64,
743,0424.jpg,328,127,40,49,
744,0424.jpg,468,184,26,26,
745,0424.jpg,527,158,71,74,
746,0424.jpg,226,254,27,36,
747,0425.jpg,320,131,67,88,
748,0425.jpg,448,41,160,202,
749,0426.jpg,170,164,44,52,
750,0426.jpg,433,211,27,32,
751,0426.jpg,559,231,28,29,
752,0426.jpg,315,200,38,44,
753,0426.jpg,11,170,40,53,
754,0427.jpg,180,139,311,396,
755,0428.jpg,12,262,60,73,
756,0428.jpg,521,135,68,84,
757,0428.jpg,45,141,53,61,
758,0428.jpg,320,122,100,125,
759,0428.jpg,638,111,60,78,
760,0429.jpg,193,56,51,60,
761,0430.jpg,233,97,32,40,
762,0430.jpg,815,96,41,50,
763,0430.jpg,396,78,36,50,
764,0430.jpg,678,74,48,51,
765,0431.jpg,548,103,208,229,
766,0433.jpg,1265,906,378,514,
767,0433.jpg,1663,1275,110,131,
768,0434.jpg,429,157,64,74,
769,0434.jpg,450,266,21,24,
770,0437.jpg,275,51,49,69,
771,0437.jpg,167,62,50,72,
772,0437.jpg,342,17,26,31,
773,0438.jpg,116,182,26,36,
774,0440.jpg,318,209,30,37,
775,0441.jpg,222,94,49,67,
776,0443.jpg,311,96,31,42,
777,0444.jpg,237,218,30,39,
778,0444.jpg,73,218,33,39,
779,0444.jpg,488,294,42,50,
780,0444.jpg,628,305,53,65,
781,0444.jpg,640,179,23,28,
782,0444.jpg,569,192,21,23,
783,0444.jpg,618,571,52,63,
784,0445.jpg,640,471,194,244,
785,0445.jpg,32,463,71,85,
786,0446.jpg,307,121,155,210,
787,0447.jpg,174,110,235,306,
788,0448.jpg,96,183,159,176,
789,0449.jpg,910,461,134,190,
790,0449.jpg,1407,432,178,218,
791,0450.jpg,816,128,270,349,
792,0451.jpg,267,117,374,519,
793,0452.jpg,114,6,48,58,
794,0452.jpg,409,203,105,113,
795,0452.jpg,233,12,44,47,
796,0452.jpg,18,2,23,29,
797,0453.jpg,207,129,305,416,
798,0454.jpg,255,453,179,223,
799,0455.jpg,343,305,300,362,
800,0455.jpg,705,41,25,31,
801,0456.jpg,201,144,379,516,
802,0456.jpg,223,769,19,24,
803,0457.jpg,388,88,272,392,
804,0458.jpg,395,45,356,486,
805,0459.jpg,242,100,248,345,
806,0460.jpg,217,119,28,43,
807,0460.jpg,415,120,26,32,
808,0461.jpg,355,20,456,659,
809,0462.jpg,164,208,118,164,
810,0462.jpg,251,294,74,98,
811,0463.jpg,140,76,44,55,
812,0463.jpg,234,101,20,28,
813,0464.jpg,1441,411,209,237,
814,0464.jpg,836,514,136,164,
815,0464.jpg,205,333,204,253,
816,0464.jpg,1263,1039,79,89,
817,0464.jpg,392,418,55,67,
818,0465.jpg,302,88,159,198,
819,0466.jpg,216,142,143,166,
820,0469.jpg,427,305,439,521,
821,0470.jpg,228,204,388,481,
822,0471.jpg,255,48,55,64,
823,0471.jpg,797,34,68,89,
824,0472.jpg,368,139,135,160,
825,0472.jpg,634,76,165,203,
826,0475.jpg,228,206,121,163,
827,0475.jpg,565,41,137,181,
828,0476.jpg,198,103,182,212,
829,0477.jpg,90,215,417,528,
830,0478.jpg,177,214,382,480,
831,0479.jpg,533,130,414,485,
832,0479.jpg,263,402,187,255,
833,0479.jpg,317,575,105,118,
834,0480.jpg,299,103,54,63,
835,0481.jpg,477,69,227,296,
836,0482.jpg,142,185,349,477,
837,0482.jpg,521,938,28,33,
838,0483.jpg,228,169,178,214,
839,0483.jpg,120,259,37,39,
840,0485.jpg,178,110,408,542,
841,0486.jpg,263,231,321,398,
842,0487.jpg,56,65,99,127,
843,0487.jpg,318,109,44,59,
844,0488.jpg,130,178,408,494,
845,0489.jpg,471,233,144,219,
846,0490.jpg,492,114,269,360,
847,0491.jpg,228,79,43,48,
848,0491.jpg,342,85,44,57,
849,0492.jpg,461,41,60,78,
850,0492.jpg,132,83,75,102,
851,0492.jpg,303,126,28,39,
852,0492.jpg,424,109,20,25,
853,0493.jpg,363,287,1023,1268,
854,0494.jpg,346,188,359,465,
855,0495.jpg,446,184,184,247,
856,0496.jpg,179,160,143,202,
857,0497.jpg,354,164,50,58,
858,0497.jpg,160,148,65,75,
859,0498.jpg,431,142,332,380,
860,0499.jpg,340,162,337,435,
861,0500.jpeg,723,96,70,92,
862,0504.jpg,184,227,48,56,
863,0505.jpg,196,101,116,141,
864,0506.jpg,47,153,206,240,
865,0507.jpg,404,190,307,390,
866,0508.jpg,621,266,92,122,
867,0510.jpg,521,72,149,190,
868,0511.jpg,168,171,215,283,
869,0511.jpg,502,188,239,298,
870,0511.jpg,129,283,30,45,
871,0513.jpg,142,220,327,425,
872,0516.jpg,170,271,228,281,
873,0516.jpg,815,308,198,266,
874,0516.jpg,410,347,220,251,
875,0517.jpeg,322,189,116,152,
876,0517.jpeg,566,69,164,206,
877,0517.jpeg,93,226,95,122,
878,0517.jpeg,450,250,93,112,
879,0518.jpg,766,139,61,87,
880,0518.jpg,318,78,113,144,
881,0518.jpg,540,68,146,185,
882,0518.jpg,171,112,52,89,
883,0519.jpg,378,42,248,318,
884,0520.jpg,290,109,130,185,
885,0521.jpg,505,207,146,191,
886,0522.jpg,249,237,193,250,
887,0523.jpg,274,128,73,79,
888,0524.jpg,351,211,239,310,
889,0526.jpg,226,431,696,914,
890,0527.jpg,207,75,182,227,
891,0529.jpg,331,239,212,243,
892,0530.jpg,449,79,69,82,
893,0531.jpg,355,164,301,395,
894,0532.jpg,535,646,1468,1835,
895,0532.jpg,1931,875,1250,1607,
896,0533.jpg,616,125,70,85,
897,0533.jpg,434,168,68,89,
898,0533.jpg,84,132,80,94,
899,0533.jpg,309,175,60,79,
900,0533.jpg,858,97,97,102,
901,0534.jpeg,281,95,263,319,
902,0535.jpg,824,501,60,71,
903,0535.jpg,1101,410,84,93,
904,0536.jpg,165,122,218,248,
905,0537.jpg,443,92,130,168,
906,0538.jpg,463,207,111,122,
907,0538.jpg,838,212,135,160,
908,0538.jpg,146,102,171,216,
909,0539.jpg,611,368,83,98,
910,0539.jpg,645,267,108,132,
911,0539.jpg,663,243,68,71,
912,0540.jpg,482,126,57,67,
913,0540.jpg,174,131,57,69,
914,0540.jpg,558,141,57,66,
915,0540.jpg,79,124,55,70,
916,0540.jpg,329,73,65,74,
917,0541.jpg,187,138,209,239,
918,0542.jpg,224,185,33,42,
919,0542.jpg,723,230,25,31,
920,0542.jpg,394,83,232,272,
921,0542.jpg,141,267,51,59,
922,0542.jpg,863,22,63,68,
923,0543.jpg,1409,890,52,72,
924,0543.jpg,1202,938,124,156,
925,0544.jpg,112,10,326,388,
926,0546.jpg,110,49,29,34,
927,0546.jpg,370,108,39,53,
928,0547.jpg,298,199,477,606,
929,0548.jpg,441,232,82,101,
930,0549.jpg,202,280,334,427,
931,0550.jpg,527,216,277,351,
932,0551.jpg,397,230,195,267,
933,0552.jpg,523,96,187,263,
934,0553.jpg,271,-47,342,446,
935,0555.jpg,534,62,243,340,
936,0556.jpg,414,174,266,331,
937,0558.jpg,208,218,229,294,
938,0559.jpg,301,250,523,636,
939,0561.jpg,196,79,295,380,
940,0562.jpg,218,141,77,105,
941,0562.jpg,88,483,9,13,
942,0563.jpg,410,279,91,133,
943,0563.jpg,540,333,62,84,
944,0563.jpg,120,347,68,109,
945,0564.jpg,364,67,77,97,
946,0564.jpg,180,92,77,94,
947,0564.jpg,587,83,74,90,
948,0564.jpg,37,70,70,92,
949,0565.jpg,205,63,156,215,
950,0566.jpg,184,297,337,423,
951,0566.jpg,13,514,19,25,
952,0567.jpg,156,44,186,259,
953,0568.jpg,302,113,396,538,
954,0569.jpg,19,133,351,431,
955,0571.jpg,399,206,206,263,
956,0572.jpg,150,363,396,541,
957,0573.jpg,172,274,109,137,
958,0573.jpg,646,325,109,144,
959,0574.jpg,4112,1480,52,74,
960,0575.jpg,301,128,80,100,
961,0575.jpg,30,62,25,29,
962,0575.jpg,307,238,46,44,
963,0576.jpg,766,19,23,25,
964,0576.jpg,456,130,225,282,
965,0577.jpg,154,181,219,296,
966,0578.jpg,241,184,274,367,
967,0579.jpg,242,95,26,30,
968,0580.jpg,387,95,44,55,
969,0580.jpg,649,119,33,40,
970,0580.jpg,548,172,18,20,
971,0582.jpg,171,232,185,250,
972,0583.jpg,1342,529,614,743,
973,0584.jpg,522,-48,427,474,
974,0585.jpg,381,178,165,218,
975,0586.jpg,209,134,97,129,
976,0586.jpg,728,162,22,29,
977,0587.jpg,528,49,101,136,
978,0587.jpg,72,255,18,25,
979,0588.jpg,396,186,183,223,
980,0589.jpg,555,225,322,399,
981,0590.jpg,3,87,38,51,
982,0590.jpg,557,138,47,53,
983,0590.jpg,448,135,50,67,
984,0590.jpg,290,101,8,12,
985,0590.jpg,772,136,31,38,
986,0591.jpg,388,230,43,48,
987,0592.jpg,568,79,312,371,
988,0593.jpeg,338,33,60,71,
989,0593.jpeg,175,48,35,49,
990,0594.jpg,274,126,89,104,
991,0595.jpg,320,142,195,242,
992,0596.jpg,67,187,155,208,
993,0597.jpg,576,91,291,391,
994,0598.jpg,196,286,406,493,
995,0599.jpg,176,122,166,210,
996,0601.jpg,62,299,71,85,
997,0601.jpg,541,442,70,91,
998,0601.jpg,494,332,67,76,
999,0601.jpg,547,366,54,77,
1000,0601.jpg,-2,385,49,81,
1001,0601.jpg,139,422,69,87,
1002,0601.jpg,513,447,26,29,
1003,0603.jpg,810,179,121,180,
1004,0604.jpg,414,176,59,79,
1005,0605.jpg,898,240,32,42,
1006,0605.jpg,673,144,42,63,
1007,0605.jpg,-12,206,67,110,
1008,0605.jpg,841,253,45,56,
1009,0607.jpg,290,200,186,216,
1010,0608.jpg,466,151,72,91,
1011,0608.jpg,300,189,57,73,
1012,0608.jpg,569,808,31,37,
1013,0609.jpg,601,167,42,49,
1014,0609.jpg,283,158,49,61,
1015,0610.jpg,525,253,31,41,
1016,0610.jpg,640,255,25,33,
1017,0610.jpg,284,132,47,46,
1018,0610.jpg,787,304,26,26,
1019,0610.jpg,294,291,29,32,
1020,0611.jpg,801,238,34,43,
1021,0612.jpg,534,256,111,136,
1022,0613.jpg,803,189,57,75,
1023,0613.jpg,507,171,44,57,
1024,0613.jpg,174,167,86,99,
1025,0614.jpg,204,308,357,420,
1026,0615.jpg,274,214,79,81,
1027,0616.jpg,407,150,46,52,
1028,0617.jpg,610,126,27,35,
1029,0617.jpg,390,583,26,30,
1030,0618.jpg,317,130,291,352,
1031,0620.jpg,228,360,33,37,
1032,0620.jpg,441,319,37,43,
1033,0621.jpg,322,99,54,67,
1034,0621.jpg,517,49,49,62,
1035,0621.jpg,396,222,34,42,
1036,0622.jpg,755,265,48,53,
1037,0623.jpg,659,239,65,75,
1038,0623.jpg,230,284,83,98,
1039,0623.jpg,287,183,59,77,
1040,0623.jpg,145,140,62,81,
1041,0623.jpg,747,298,105,127,
1042,0623.jpg,214,163,59,67,
1043,0623.jpg,22,188,72,91,
1044,0623.jpg,146,244,74,97,
1045,0623.jpg,975,319,50,65,
1046,0623.jpg,546,341,34,40,
1047,0623.jpg,441,264,70,82,
1048,0624.jpg,428,533,44,47,
1049,0624.jpg,298,457,45,64,
1050,0625.jpg,411,70,73,88,
1051,0625.jpg,160,576,61,68,
1052,0626.jpg,401,217,242,297,
1053,0627.jpg,371,383,84,94,
1054,0628.jpg,307,18,112,137,
1055,0632.jpg,386,141,42,61,
1056,0633.jpg,659,334,78,105,
1057,0633.jpg,300,364,79,107,
1058,0633.jpg,673,455,47,56,
1059,0634.jpg,173,200,482,625,
1060,0635.jpg,400,146,124,147,
1061,0636.jpg,600,187,78,95,
1062,0638.jpg,388,194,215,283,
1063,0639.jpg,109,-30,431,523,
1064,0640.jpg,364,144,74,87,
1065,0641.jpg,945,30,41,56,
1066,0641.jpg,235,305,68,102,
1067,0641.jpg,613,322,83,103,
1068,0641.jpg,681,-101,215,238,
1069,0642.jpg,247,234,27,38,
1070,0642.jpg,426,332,24,26,
1071,0642.jpg,547,332,19,29,
1072,0642.jpg,606,342,21,30,
1073,0642.jpg,238,382,73,84,
1074,0642.jpg,202,238,24,30,
1075,0643.jpg,138,315,507,621,
1076,0645.jpg,729,244,108,117,
1077,0645.jpg,567,352,18,24,
1078,0646.jpg,333,168,228,300,
1079,0648.jpg,631,294,58,56,
1080,0648.jpg,712,554,23,26,
1081,0649.jpg,513,627,23,29,
1082,0650.jpg,16,406,426,511,
1083,0651.jpg,354,116,66,79,
1084,0652.jpg,239,144,88,120,
1085,0653.jpg,318,301,57,59,
1086,0653.jpg,432,483,23,26,
1087,0654.jpg,516,200,60,73,
1088,0654.jpg,364,300,41,48,
1089,0654.jpg,99,690,114,127,
1090,0654.jpg,271,405,16,16,
1091,0654.jpg,463,499,19,24,
1092,0655.jpg,439,135,172,228,
1093,0656.jpg,649,57,116,132,
1094,0656.jpg,571,474,89,111,
1095,0661.jpg,220,465,251,304,
1096,0661.jpg,382,346,31,39,
1097,0662.jpg,941,345,58,69,
1098,0663.jpg,338,64,50,64,
1099,0664.jpg,898,215,21,30,
1100,0664.jpg,879,390,13,21,
1101,0664.jpg,676,295,11,15,
1102,0665.jpg,86,282,13,15,
1103,0665.jpg,709,206,71,85,
1104,0666.jpg,624,140,221,284,
1105,0666.jpg,136,251,92,102,
1106,0667.jpg,476,358,43,50,
1107,0668.jpg,173,164,55,58,
1108,0669.jpg,332,212,264,350,
1109,0670.jpg,783,169,67,80,
1110,0670.jpg,305,88,50,74,
1111,0671.jpg,181,-9,322,394,
1112,0672.jpg,593,120,149,172,
1113,0674.jpg,386,146,188,237,
1114,0675.jpg,395,167,190,260,
1115,0675.jpg,747,250,119,156,
1116,0677.jpg,464,258,85,84,
1117,0678.jpg,589,101,27,40,
1118,0678.jpg,403,235,172,219,
1119,0678.jpg,865,407,20,26,
1120,0678.jpg,794,292,17,23,
1121,0679.jpg,879,335,34,41,
1122,0679.jpg,794,177,28,39,
1123,0679.jpg,851,187,20,26,
1124,0679.jpg,130,497,33,40,
1125,0680.jpg,675,176,179,214,
1126,0681.jpg,721,93,80,98,
1127,0681.jpg,432,76,85,105,
1128,0682.jpg,101,79,95,114,
1129,0682.jpg,308,50,86,103,
1130,0682.jpg,430,113,34,42,
1131,0682.jpg,14,168,21,25,
1132,0683.jpg,262,131,19,26,
1133,0683.jpg,446,149,13,17,
1134,0683.jpg,201,136,34,41,
1135,0683.jpg,359,160,13,14,
1136,0684.jpg,158,244,11,15,
1137,0685.jpg,207,123,42,49,
1138,0685.jpg,323,139,26,32,
1139,0685.jpg,102,134,17,20,
1140,0685.jpg,51,147,51,61,
1141,0686.jpg,367,101,40,47,
1142,0686.jpg,511,175,19,25,
1143,0687.jpg,287,206,46,56,
1144,0687.jpg,659,206,47,58,
1145,0688.jpg,267,83,103,140,
1146,0689.jpg,494,157,33,40,
1147,0689.jpg,216,146,33,42,
1148,0689.jpg,902,160,28,32,
1149,0689.jpg,745,175,28,32,
1150,0689.jpg,127,149,34,39,
1151,0689.jpg,810,165,31,38,
1152,0690.jpg,240,424,330,375,
1153,0691.jpg,532,336,102,109,
1154,0691.jpg,418,393,35,44,
1155,0692.jpg,339,78,140,187,
1156,0693.jpg,406,156,197,253,
1157,0694.jpg,108,261,42,54,
1158,0694.jpg,206,298,20,22,
1159,0695.jpg,770,333,161,201,
1160,0696.jpg,161,179,167,222,
1161,0697.jpg,522,242,38,46,
1162,0698.jpg,305,147,208,272,
1163,0699.jpg,755,59,18,24,
1164,0701.jpg,689,233,23,30,
1165,0701.jpg,206,203,28,33,
1166,0701.jpg,837,233,21,29,
1167,0703.jpg,500,102,41,56,
1168,0703.jpg,419,262,19,22,
1169,0704.jpg,820,79,87,110,
1170,0704.jpg,470,43,94,118,
1171,0704.jpg,368,165,24,37,
1172,0704.jpg,355,255,26,26,
1173,0704.jpg,110,162,51,61,
1174,0705.jpg,258,275,91,106,
1175,0706.jpg,104,376,317,366,
1176,0706.jpg,27,439,81,93,
1177,0706.jpg,167,175,123,146,
1178,0707.jpg,418,140,62,70,
1179,0707.jpg,197,45,24,29,
1180,0708.jpg,536,294,68,90,
1181,0709.jpg,319,92,88,106,
1182,0709.jpg,343,193,25,25,
1183,0711.jpg,481,240,196,245,
1184,0713.jpg,450,259,28,34,
1185,0713.jpg,372,237,23,30,
1186,0714.jpg,275,216,262,356,
1187,0716.jpg,177,56,52,64,
1188,0716.jpg,452,189,11,17,
1189,0716.jpg,516,607,63,76,
1190,0717.jpg,205,70,84,112,
1191,0718.jpg,539,102,65,104,
1192,0718.jpg,270,61,100,115,
1193,0719.jpg,432,155,117,127,
1194,0720.jpg,261,355,47,51,
1195,0721.jpg,227,170,118,153,
1196,0721.jpg,526,127,224,270,
1197,0721.jpg,692,635,64,72,
1198,0722.jpg,398,55,81,93,
1199,0724.jpg,569,117,35,46,
1200,0724.jpg,685,78,166,232,
1201,0724.jpg,222,228,46,66,
1202,0725.jpg,389,262,246,317,
1203,0727.jpg,173,189,315,404,
1204,0728.jpg,344,233,56,70,
1205,0729.jpg,495,283,14,19,
1206,0732.jpg,555,145,46,58,
1207,0732.jpg,608,142,40,45,
1208,0732.jpg,473,137,72,76,
1209,0733.jpg,190,267,463,565,
1210,0733.jpg,134,567,23,30,
1211,0734.jpg,343,196,76,94,
1212,0734.jpg,185,500,32,47,
1213,0734.jpg,347,371,14,20,
1214,0735.jpg,639,73,41,45,
1215,0735.jpg,419,136,27,31,
1216,0735.jpg,104,272,13,15,
1217,0735.jpg,270,136,40,48,
1218,0735.jpg,82,143,17,21,
1219,0735.jpg,45,360,17,21,
1220,0738.jpg,700,140,71,84,
1221,0740.jpg,338,157,225,272,
1222,0741.jpg,585,644,22,27,
1223,0741.jpg,212,287,80,107,
1224,0743.jpg,294,325,261,351,
1225,0745.jpg,347,108,130,136,
1226,0746.jpg,328,431,240,303,
1227,0748.jpg,468,131,209,253,
1228,0749.jpg,279,271,110,139,
1229,0752.jpg,254,50,78,97,
1230,0752.jpg,541,61,91,106,
1231,0753.jpg,601,308,27,34,
1232,0754.jpg,19,195,72,104,
1233,0755.jpg,442,139,56,60,
1234,0756.jpg,427,5,163,199,
1235,0757.jpg,411,96,59,70,
1236,0757.jpg,797,152,59,71,
1237,0757.jpg,985,553,25,29,
1238,0758.jpg,197,364,40,51,
1239,0759.jpg,160,311,451,551,
1240,0760.jpg,493,255,144,175,
1241,0761.jpg,253,197,191,230,
1242,0762.jpg,351,114,74,84,
1243,0764.jpg,294,99,53,66,
1244,0765.jpg,404,279,138,161,
1245,0767.jpg,438,206,99,108,
1246,0769.jpg,194,217,165,184,
1247,0770.jpg,247,258,349,409,
1248,0771.jpg,459,144,96,115,
1249,0773.jpg,246,137,343,423,
1250,0775.jpg,850,257,49,69,
1251,0775.jpg,744,223,50,65,
1252,0775.jpg,478,427,46,51,
1253,0775.jpg,976,173,12,15,
1254,0776.jpg,339,89,34,49,
1255,0776.jpg,722,77,58,91,
1256,0776.jpg,542,159,28,32,
1257,0779.jpg,205,202,376,440,
1258,0780.jpg,220,166,342,449,
1259,0781.jpg,100,331,166,232,
1260,0782.jpg,156,166,349,436,
1261,0783.jpg,106,231,15,19,
1262,0783.jpg,922,187,41,51,
1263,0783.jpg,153,219,35,47,
1264,0785.jpg,620,183,93,115,
1265,0788.jpg,453,230,36,47,
1266,0788.jpg,560,171,46,60,
1267,0790.jpg,388,6,18,25,
1268,0791.jpg,529,32,258,321,
1269,0793.jpg,670,52,44,59,
1270,0793.jpg,754,219,52,61,
1271,0795.jpg,450,81,102,140,
1272,0796.jpg,586,234,41,53,
1273,0797.jpg,270,121,243,294,
1274,0799.jpg,412,236,96,112,
1275,0800.jpg,750,391,73,100,
1276,0800.jpg,621,259,52,59,
1277,0800.jpg,426,293,62,52,
1278,0800.jpg,281,196,60,85,
1279,0801.jpg,350,700,95,109,
1280,0802.jpg,227,257,309,429,
1281,0803.jpg,157,10,463,646,
1282,0804.jpg,252,60,74,108,
1283,0804.jpg,572,247,37,48,
1284,0804.jpg,735,245,28,30,
1285,0804.jpg,195,206,43,54,
1286,0804.jpg,693,253,20,22,
1287,0804.jpg,-1,269,29,42,
1288,0805.jpg,141,414,271,309,
1289,0805.jpg,686,554,32,41,
1290,0806.jpg,102,14,587,773,
1291,0808.jpg,528,109,172,189,
1292,0810.jpg,404,413,255,286,
1293,0811.jpg,537,519,55,60,
1294,0812.jpg,234,802,59,68,
1295,0812.jpg,247,534,17,20,
1296,0812.jpg,52,872,43,52,
1297,0813.jpg,263,78,89,100,
1298,0813.jpg,787,202,69,87,
1299,0814.jpg,451,20,18,25,
1300,0814.jpg,144,172,90,138,
1301,0815.jpg,542,223,69,86,
1302,0817.jpg,241,199,333,427,
1303,0817.jpg,551,129,28,33,
1304,0821.jpg,793,136,61,105,
1305,0823.jpg,400,209,24,30,
1306,0824.jpg,328,79,131,161,
1307,0824.jpg,590,178,285,341,
1308,0825.jpg,262,221,67,90,
1309,0827.jpg,806,114,48,59,
1310,0827.jpg,675,70,57,71,
1311,0828.jpg,661,103,66,75,
1312,0828.jpg,929,109,21,26,
1313,0829.jpg,300,379,49,54,
1314,0830.jpg,524,270,36,50,
1315,0831.jpg,144,199,501,606,
1316,0832.jpg,928,522,29,35,
1317,0833.jpg,330,198,58,66,
1318,0834.jpg,219,229,256,344,
1319,0836.jpg,324,434,110,114,
1320,0836.jpg,48,235,78,82,
1321,0836.jpg,577,917,18,19,
1322,0837.jpg,266,141,143,176,
1323,0838.jpg,484,139,248,285,
1324,0839.jpg,127,68,299,386,
1325,0839.jpg,530,210,337,424,
1326,0842.jpg,295,221,266,311,
1327,0843.jpg,272,147,143,189,
1328,0844.jpg,305,101,52,56,
1329,0845.jpg,477,601,34,41,
1330,0846.jpg,260,298,154,189,
1331,0847.jpg,415,180,110,130,
1332,0848.jpg,450,100,73,85,
1333,0849.jpg,491,66,91,104,
1334,0849.jpg,319,454,39,45,
1335,0850.jpg,483,239,48,61,
1336,0850.jpg,396,241,19,23,
1337,0851.jpg,425,212,60,87,
1338,0853.jpg,233,207,48,60,
1339,0858.jpg,285,105,124,135,
1340,0860.jpg,501,217,33,57,
1341,0861.jpg,363,123,39,46,
1342,0861.jpg,214,150,37,45,
1343,0864.jpg,331,168,233,320,
1344,0865.jpg,328,60,101,136,
1345,0867.jpg,302,473,177,226,
1346,0867.jpg,489,150,176,219,
1347,0869.jpg,477,305,19,23,
1348,0870.jpg,484,88,87,103,
1349,0870.jpg,466,553,63,77,
1350,0870.jpg,266,170,76,78,
1351,0871.jpg,446,266,63,83,
1352,0871.jpg,166,283,73,92,
1353,0872.jpg,410,25,83,96,
1354,0876.jpg,506,82,110,132,
1355,0880.jpg,57,426,54,68,
1356,0881.jpg,148,375,58,66,
1357,0881.jpg,259,162,85,95,
1358,0883.jpg,1209,137,154,202,
1359,0883.jpg,38,48,60,74,
1360,0883.jpg,786,363,130,153,
1361,0883.jpg,2014,36,51,79,
1362,0884.jpg,100,43,73,83,
1363,0884.jpg,454,67,84,90,
1364,0887.jpg,481,266,150,195,
1365,0888.jpg,295,150,402,500,
1366,0889.jpg,423,244,168,252,
1367,0890.jpg,527,64,41,51,
1368,0890.jpg,365,274,39,49,
1369,0890.jpg,613,273,33,37,
1370,0890.jpg,196,53,57,67,
1371,0890.jpg,122,71,17,31,
1372,0891.jpg,359,164,208,247,
1373,0892.jpg,197,74,107,138,
1374,0893.jpg,133,120,97,108,
1375,0893.jpg,371,135,147,183,
1376,0893.jpg,585,97,84,104,
1377,0894.jpg,192,211,253,276,
1378,0895.jpg,154,140,182,243,
1379,0896.jpg,49,129,33,38,
1380,0896.jpg,449,133,73,95,
1381,0896.jpg,278,107,76,87,
1382,0900.jpg,406,98,104,116,
1383,0900.jpg,189,82,99,104,
1384,0901.jpeg,262,114,178,202,
1385,0902.jpg,806,431,137,168,
1386,0902.jpg,77,106,110,133,
1387,0902.jpg,956,280,124,144,
1388,0902.jpg,547,197,171,200,
1389,0902.jpg,427,325,129,170,
1390,0904.jpg,732,94,17,25,
1391,0904.jpg,460,267,62,67,
1392,0904.jpg,668,168,9,12,
1393,0904.jpg,588,224,46,48,
1394,0905.jpg,143,229,48,55,
1395,0906.jpg,123,51,77,96,
1396,0906.jpg,186,205,22,31,
1397,0907.jpg,418,124,133,165,
1398,0907.jpg,300,156,134,152,
1399,0908.jpg,723,194,59,78,
1400,0908.jpg,1044,239,53,65,
1401,0908.jpg,825,303,72,92,
1402,0911.jpg,249,56,146,206,
1403,0912.jpg,747,9,8,10,
1404,0914.jpg,240,204,293,348,
1405,0916.jpg,671,94,73,99,
1406,0916.jpg,9,512,18,20,
1407,0916.jpg,34,49,81,96,
1408,0917.jpg,540,301,177,247,
1409,0918.jpg,305,151,94,121,
1410,0918.jpg,905,63,81,94,
1411,0918.jpg,535,60,50,65,
1412,0918.jpg,629,152,87,115,
1413,0918.jpg,747,137,42,51,
1414,0919.jpg,229,142,212,265,
1415,0920.jpg,538,155,132,181,
1416,0920.jpg,151,268,147,154,
1417,0921.jpg,211,244,393,528,
1418,0922.jpg,434,103,242,306,
1419,0923.jpg,417,153,238,306,
1420,0924.jpg,473,144,85,106,
1421,0926.jpg,169,1,51,69,
1422,0926.jpg,575,-4,79,91,
1423,0926.jpg,259,-3,65,78,
1424,0926.jpg,731,155,143,162,
1425,0926.jpg,74,41,22,28,
1426,0927.jpg,1292,293,113,143,
1427,0927.jpg,889,190,124,156,
1428,0928.jpg,972,48,171,219,
1429,0932.jpg,219,48,107,145,
1430,0935.jpg,295,81,85,98,
1431,0935.jpg,592,150,87,110,
1432,0937.jpg,280,34,13,16,
1433,0937.jpg,229,33,22,29,
1434,0937.jpg,692,175,15,21,
1435,0938.jpeg,399,352,134,167,
1436,0938.jpeg,63,259,284,336,
1437,0939.jpeg,280,197,42,53,
1438,0940.jpg,694,57,129,165,
1439,0940.jpg,1014,178,40,45,
1440,0940.jpg,921,152,60,67,
1441,0941.jpg,593,552,205,253,
1442,0941.jpg,1102,241,206,230,
1443,0942.jpg,549,306,45,49,
1444,0943.jpg,366,158,204,260,
1445,0945.jpg,116,408,212,258,
1446,0945.jpg,640,187,183,224,
1447,0945.jpg,844,33,93,108,
1448,0945.jpg,815,331,141,164,
1449,0946.jpg,270,58,60,69,
1450,0946.jpg,370,216,54,70,
1451,0946.jpg,346,181,21,28,
1452,0946.jpg,472,155,38,54,
1453,0946.jpg,63,61,89,102,
1454,0947.jpg,601,180,99,114,
1455,0947.jpg,380,194,117,117,
1456,0948.jpg,320,327,45,52,
1457,0948.jpg,483,347,65,76,
1458,0948.jpg,104,166,39,46,
1459,0948.jpg,748,618,44,68,
1460,0949.jpg,321,90,105,115,
1461,0949.jpg,200,95,104,122,
1462,0950.jpg,475,201,196,231,
1463,0951.jpg,230,51,260,297,
1464,0952.jpg,18,135,238,302,
1465,0952.jpg,347,452,236,284,
1466,0954.jpg,258,159,462,575,
1467,0955.jpg,289,145,57,71,
1468,0955.jpg,466,60,53,72,
1469,0955.jpg,195,144,49,65,
1470,0956.jpeg,582,222,56,68,
1471,0956.jpeg,390,138,31,35,
1472,0956.jpeg,106,171,20,25,
1473,0956.jpeg,307,197,25,31,
1474,0956.jpeg,111,210,73,94,
1475,0956.jpeg,19,215,23,30,
1476,0956.jpeg,474,189,27,32,
1477,0956.jpeg,33,170,19,25,
1478,0956.jpeg,569,166,27,32,
1479,0956.jpeg,641,144,24,30,
1480,0956.jpeg,551,130,21,25,
1481,0956.jpeg,344,167,21,25,
1482,0956.jpeg,556,213,45,59,
1483,0956.jpeg,492,116,26,30,
1484,0956.jpeg,145,136,16,18,
1485,0956.jpeg,180,168,18,23,
1486,0956.jpeg,468,125,16,23,
1487,0956.jpeg,633,112,22,26,
1488,0956.jpeg,286,128,19,22,
1489,0956.jpeg,227,123,23,28,
1490,0956.jpeg,678,117,14,16,
1491,0956.jpeg,93,218,31,39,
1492,0956.jpeg,210,168,17,24,
1493,0956.jpeg,85,188,35,44,
1494,0957.jpeg,239,171,42,52,
1495,0957.jpeg,641,178,23,28,
1496,0957.jpeg,316,209,18,22,
1497,0957.jpeg,455,181,21,26,
1498,0958.jpg,69,123,33,38,
1499,0958.jpg,254,205,23,26,
1500,0958.jpg,360,155,49,68,
1501,0959.jpg,459,127,128,134,
1502,0960.jpg,88,67,89,109,
1503,0961.jpg,43,122,21,29,
1504,0961.jpg,312,110,45,67,
1505,0961.jpg,345,126,57,72,
1506,0961.jpg,188,29,23,29,
1507,0962.jpg,770,138,145,193,
1508,0964.jpg,62,159,13,21,
1509,0965.jpeg,528,103,51,72,
1510,0966.jpeg,712,69,69,78,
1511,0966.jpeg,548,302,40,57,
1512,0966.jpeg,852,197,44,48,
1513,0966.jpeg,150,24,33,42,
1514,0969.jpg,472,305,219,261,
1515,0969.jpg,114,156,235,265,
1516,0970.jpg,338,106,33,38,
1517,0970.jpg,194,93,45,54,
1518,0972.jpg,444,225,350,430,
1519,0973.jpg,498,299,43,44,
1520,0973.jpg,824,457,29,38,
1521,0975.jpg,490,87,281,351,
1522,0975.jpg,1,209,289,424,
1523,0978.jpg,193,150,269,356,
1524,0978.jpg,729,315,286,351,
1525,0978.jpg,368,503,34,37,
1526,0979.jpg,146,59,11,12,
1527,0979.jpg,82,71,11,14,
1528,0979.jpg,5,66,12,16,
1529,0979.jpg,328,152,23,25,
1530,0980.jpeg,315,194,332,391,
1531,0980.jpeg,818,205,119,172,
1532,0981.jpeg,46,52,106,141,
1533,0981.jpeg,507,159,60,80,
1534,0982.jpg,456,54,54,63,
1535,0982.jpg,109,71,46,61,
1536,0982.jpg,277,469,28,34,
1537,0982.jpg,-1,103,78,100,
1538,0982.jpg,545,329,19,20,
1539,0982.jpg,552,328,21,22,
1540,0982.jpg,289,467,30,36,
1541,0983.jpg,684,316,72,84,
1542,0983.jpg,1020,230,75,93,
1543,0985.jpeg,389,110,59,81,
1544,0986.jpg,730,111,37,47,
1545,0986.jpg,423,145,29,31,
1546,0987.jpg,408,153,122,165,
1547,0989.jpg,358,66,100,118,
1548,0989.jpg,183,110,83,98,
1549,0990.jpg,429,106,192,251,
1550,0990.jpg,715,11,117,179,
1551,0990.jpg,241,42,194,258,
1552,0991.jpg,873,156,68,80,
1553,0992.jpg,492,151,184,239,
1554,0993.jpg,507,311,42,55,
1555,0993.jpg,261,301,31,46,
1556,0994.jpg,125,66,139,183,
1557,0995.jpg,1106,103,211,280,
1558,0995.jpg,1327,79,212,235,
1559,0995.jpg,453,88,204,256,
1560,0995.jpg,522,205,271,369,
1561,0997.jpg,402,25,64,83,
1562,0998.jpg,390,91,238,285,
1563,1000.jpg,477,85,240,299,
1564,1001.jpg,103,72,15,20,
1565,1001.jpg,288,50,205,296,
1566,1002.jpg,265,64,75,90,
1567,1003.jpg,500,419,33,44,
1568,1003.jpg,639,427,41,56,
1569,1003.jpg,906,404,35,41,
1570,1003.jpg,788,390,44,52,
1571,1004.jpg,359,270,141,157,
1572,1004.jpg,826,150,226,286,
1573,1007.jpg,407,215,35,42,
1574,1008.jpg,232,173,120,179,
1575,1009.jpg,201,56,25,35,
1576,1011.jpg,299,250,130,164,
1577,1011.jpg,448,256,271,375,
1578,1011.jpg,-6,224,119,157,
1579,1011.jpg,405,167,44,53,
1580,1012.jpg,196,215,173,190,
1581,1013.jpg,250,210,136,166,
1582,1013.jpg,470,182,34,43,
1583,1016.jpg,270,220,247,332,
1584,1017.jpg,75,188,35,38,
1585,1017.jpg,443,219,35,40,
1586,1017.jpg,699,198,50,57,
1587,1017.jpg,274,210,34,41,
1588,1017.jpg,587,209,43,54,
1589,1019.jpg,181,97,143,188,
1590,1020.jpg,563,243,389,524,
1591,1021.jpg,195,145,137,179,
1592,1022.jpg,223,163,161,201,
1593,1023.jpg,-29,271,409,531,
1594,1024.jpeg,262,215,189,216,
1595,1025.jpg,151,169,417,599,
1596,1026.jpg,756,529,217,278,
1597,1027.jpg,97,48,115,161,
1598,1028.jpg,942,275,106,118,
1599,1028.jpg,514,80,151,181,
1600,1028.jpg,207,195,120,140,
1601,1029.jpg,248,195,328,449,
1602,1030.jpg,273,235,79,91,
1603,1031.jpg,445,188,45,55,
1604,1031.jpg,533,134,15,20,
1605,1031.jpg,152,164,28,35,
1606,1031.jpg,259,142,23,24,
1607,1031.jpg,425,136,17,23,
1608,1033.jpg,398,198,26,32,
1609,1033.jpg,451,131,28,36,
1610,1033.jpg,309,153,32,37,
1611,1033.jpg,83,206,40,45,
1612,1034.jpg,157,100,264,381,
1613,1035.jpeg,69,121,101,115,
1614,1035.jpeg,314,72,123,146,
1615,1035.jpeg,238,50,48,61,
1616,1038.jpg,289,65,95,108,
1617,1038.jpg,152,58,91,118,
1618,1039.jpg,310,88,242,275,
1619,1040.jpg,224,219,356,412,
1620,1041.jpg,107,153,172,206,
1621,1042.jpg,158,499,197,223,
1622,1042.jpg,427,521,233,328,
1623,1042.jpg,648,293,93,116,
1624,1042.jpg,422,320,87,93,
1625,1042.jpg,-9,364,102,156,
1626,1042.jpg,328,370,70,87,
1627,1043.jpg,758,72,81,105,
1628,1043.jpg,424,132,35,38,
1629,1044.jpg,601,122,60,77,
1630,1044.jpg,463,152,61,78,
1631,1044.jpg,324,147,53,65,
1632,1044.jpg,241,139,53,63,
1633,1046.jpg,9,52,123,158,
1634,1046.jpg,360,72,64,81,
1635,1047.jpg,286,74,115,143,
1636,1048.jpg,519,120,100,120,
1637,1048.jpg,360,84,115,137,
1638,1051.jpg,336,102,58,64,
1639,1051.jpg,551,123,40,52,
1640,1051.jpg,304,73,58,70,
1641,1051.jpg,175,57,82,101,
1642,1051.jpg,401,55,58,68,
1643,1052.jpg,296,218,441,582,
1644,1053.jpg,491,146,343,424,
1645,1054.jpg,374,86,127,154,
1646,1055.jpg,523,133,122,143,
1647,1055.jpg,211,231,52,57,
1648,1057.jpg,538,158,120,146,
1649,1058.jpg,241,184,506,534,
1650,1059.jpg,47,114,299,390,
1651,1059.jpg,817,-32,291,340,
1652,1061.jpg,484,109,44,52,
1653,1061.jpg,275,36,56,69,
1654,1061.jpg,660,139,31,38,
1655,1061.jpg,542,568,23,30,
1656,1062.jpg,386,95,25,34,
1657,1062.jpg,241,100,25,29,
1658,1062.jpg,288,173,15,22,
1659,1063.jpg,1346,263,287,336,
1660,1063.jpg,626,134,235,291,
1661,1063.jpg,728,412,321,410,
1662,1064.jpg,1929,682,94,122,
1663,1064.jpg,751,627,100,119,
1664,1064.jpg,1442,440,345,416,
1665,1064.jpg,2480,703,69,104,
1666,1064.jpg,443,728,187,237,
1667,1064.jpg,3006,504,61,77,
1668,1064.jpg,1523,114,45,52,
1669,1065.jpg,1286,792,233,268,
1670,1065.jpg,1160,315,264,355,
1671,1066.jpg,143,157,375,502,
1672,1067.jpg,337,77,212,260,
1673,1069.jpg,386,115,26,35,
1674,1069.jpg,510,70,46,54,
1675,1072.jpg,405,191,23,26,
1676,1074.jpeg,643,117,42,48,
1677,1074.jpeg,556,119,47,59,
1678,1074.jpeg,277,88,33,39,
1679,1074.jpeg,188,43,42,43,
1680,1076.jpg,178,141,41,52,
1681,1076.jpg,34,143,26,30,
1682,1076.jpg,108,114,45,51,
1683,1076.jpg,244,121,30,41,
1684,1076.jpg,547,128,39,49,
1685,1076.jpg,285,114,30,38,
1686,1076.jpg,115,159,25,25,
1687,1077.jpg,1567,406,308,363,
1688,1078.jpg,265,98,196,233,
1689,1078.jpg,547,16,348,436,
1690,1078.jpg,21,159,125,137,
1691,1079.jpg,557,152,203,281,
1692,1079.jpg,180,187,316,423,
1693,1080.jpg,69,231,232,313,
1694,1080.jpg,393,77,49,61,
1695,1081.jpg,314,67,183,281,
1696,1085.jpg,2254,388,410,397,
1697,1086.jpg,401,303,287,436,
1698,1087.jpg,465,153,151,186,
1699,1088.jpg,289,161,240,314,
1700,1089.jpg,137,246,538,688,
1701,1090.jpg,398,66,53,60,
1702,1090.jpg,258,77,45,54,
1703,1090.jpg,791,31,50,58,
1704,1090.jpg,670,123,47,52,
1705,1090.jpg,143,117,50,55,
1706,1090.jpg,434,115,44,55,
1707,1090.jpg,559,84,47,58,
1708,1091.jpg,255,86,132,171,
1709,1091.jpg,18,281,208,284,
1710,1092.jpg,499,203,92,110,
1711,1093.jpg,333,220,161,195,
1712,1093.jpg,959,366,166,184,
1713,1093.jpg,3,409,214,243,
1714,1093.jpg,186,92,126,154,
1715,1093.jpg,743,21,114,140,
1716,1093.jpg,539,288,245,271,
1717,1093.jpg,148,231,96,111,
1718,1094.jpg,440,48,65,77,
1719,1094.jpg,668,76,61,71,
1720,1094.jpg,371,148,27,34,
1721,1095.jpg,145,96,288,337,
1722,1095.jpg,120,257,74,106,
1723,1096.jpg,279,-72,492,551,
1724,1097.jpg,155,139,559,698,
1725,1098.jpg,495,234,89,109,
1726,1098.jpg,333,161,65,76,
1727,1098.jpg,511,122,65,84,
1728,1098.jpg,603,74,71,84,
1729,1098.jpg,642,201,92,105,
1730,1098.jpg,348,248,88,106,
1731,1098.jpg,691,357,123,142,
1732,1098.jpg,425,97,60,74,
1733,1098.jpg,36,239,251,266,
1734,1098.jpg,822,170,100,107,
1735,1098.jpg,567,189,59,77,
1736,1099.jpg,258,97,132,177,
1737,1099.jpg,173,162,109,147,
1738,1101.jpg,452,121,203,268,
1739,1101.jpg,205,230,176,236,
1740,1102.jpg,130,41,340,394,
1741,1104.jpg,390,4,154,218,
1742,1104.jpg,91,88,48,59,
1743,1105.jpg,363,128,81,84,
1744,1106.jpg,159,118,221,264,
1745,1107.jpg,160,166,292,401,
1746,1108.jpg,510,126,71,99,
1747,1108.jpg,670,60,25,36,
1748,1109.jpg,297,78,205,256,
1749,1110.jpg,330,250,306,378,
1750,1111.jpg,191,73,342,478,
1751,1112.jpg,124,318,763,1006,
1752,1113.jpg,381,134,53,64,
1753,1113.jpg,202,108,60,75,
1754,1113.jpg,556,105,58,69,
1755,1115.jpg,224,96,130,157,
1756,1116.jpg,677,292,179,226,
1757,1116.jpg,382,198,190,233,
1758,1116.jpg,122,239,157,189,
1759,1116.jpg,734,517,73,74,
1760,1117.jpg,2043,1725,87,109,
1761,1118.jpg,194,294,121,165,
1762,1118.jpg,362,167,142,140,
1763,1119.jpg,338,198,123,148,
1764,1120.jpg,258,100,53,66,
1765,1120.jpg,590,66,107,147,
1766,1120.jpg,344,183,79,90,
1767,1121.jpg,518,189,116,129,
1768,1122.jpg,207,233,92,131,
1769,1122.jpg,737,127,20,26,
1770,1122.jpg,788,123,15,20,
1771,1123.jpg,108,95,33,40,
1772,1123.jpg,626,125,69,71,
1773,1123.jpg,473,66,14,23,
1774,1123.jpg,539,53,39,39,
1775,1124.jpg,337,77,120,130,
1776,1124.jpg,481,134,77,88,
1777,1125.jpg,66,162,71,90,
1778,1125.jpg,509,2,82,106,
1779,1125.jpg,229,170,78,90,
1780,1125.jpg,305,149,67,83,
1781,1127.jpg,336,130,167,210,
1782,1128.jpg,363,164,20,22,
1783,1128.jpg,440,141,20,23,
1784,1128.jpg,50,160,24,32,
1785,1129.jpg,524,133,50,60,
1786,1129.jpg,49,142,45,58,
1787,1130.jpg,898,163,51,74,
1788,1130.jpg,59,189,67,85,
1789,1130.jpg,473,-13,73,80,
1790,1130.jpg,45,33,63,83,
1791,1130.jpg,801,-1,65,79,
1792,1130.jpg,357,283,65,78,
1793,1130.jpg,450,119,56,73,
1794,1130.jpg,768,306,50,62,
1795,1130.jpg,288,233,50,67,
1796,1130.jpg,696,269,47,61,
1797,1130.jpg,390,23,45,72,
1798,1130.jpg,273,108,60,86,
1799,1130.jpg,872,293,53,69,
1800,1131.jpg,381,158,325,370,
1801,1131.jpg,226,101,215,280,
1802,1132.jpg,384,120,303,376,
1803,1133.jpg,192,121,242,279,
1804,1133.jpg,779,566,33,44,
1805,1134.jpg,312,142,43,58,
1806,1134.jpg,772,120,62,71,
1807,1134.jpg,200,234,63,77,
1808,1134.jpg,842,101,45,53,
1809,1134.jpg,171,121,41,56,
1810,1134.jpg,666,152,34,38,
1811,1135.jpg,117,106,447,607,
1812,1136.jpg,387,91,317,414,
1813,1137.jpg,371,100,185,241,
1814,1138.jpg,159,151,414,579,
1815,1139.jpg,431,152,79,89,
1816,1140.jpg,561,135,129,172,
1817,1140.jpg,358,83,129,174,
1818,1140.jpg,229,227,138,179,
1819,1140.jpg,737,183,81,154,
1820,1141.jpg,360,147,163,210,
1821,1142.jpg,658,205,26,28,
1822,1143.jpg,490,168,42,55,
1823,1144.jpg,607,77,164,201,
1824,1144.jpg,238,79,178,233,
1825,1145.jpg,47,142,81,97,
1826,1145.jpg,136,1,98,95,
1827,1146.jpg,2735,1375,509,646,
1828,1146.jpg,1137,726,432,570,
1829,1146.jpg,2065,815,477,664,
1830,1148.jpg,326,270,67,77,
1831,1148.jpg,757,239,16,21,
1832,1148.jpg,659,237,16,21,
1833,1148.jpg,268,157,41,52,
1834,1149.jpg,340,117,55,75,
1835,1151.jpg,373,248,25,29,
1836,1152.jpg,345,150,32,37,
1837,1152.jpg,439,134,41,48,
1838,1153.jpg,773,500,25,33,
1839,1153.jpg,88,432,14,20,
1840,1153.jpg,501,224,63,71,
1841,1153.jpg,416,250,54,65,
1842,1153.jpg,116,418,14,17,
1843,1154.jpg,167,313,339,457,
1844,1156.jpg,109,243,83,97,
1845,1156.jpg,7,104,70,78,
1846,1156.jpg,250,126,85,90,
1847,1156.jpg,933,249,72,84,
1848,1156.jpg,715,114,78,91,
1849,1156.jpg,422,262,129,138,
1850,1156.jpg,546,95,72,78,
1851,1156.jpg,886,97,59,69,
1852,1156.jpg,1124,136,67,77,
1853,1157.jpg,727,56,253,321,
1854,1158.jpg,1015,175,263,309,
1855,1158.jpg,785,1139,23,24,
1856,1159.jpg,160,-11,370,423,
1857,1160.jpg,373,348,320,368,
1858,1160.jpg,334,858,21,26,
1859,1161.jpg,314,170,66,78,
1860,1161.jpg,42,258,14,18,
1861,1161.jpg,784,257,16,21,
1862,1161.jpg,591,201,26,39,
1863,1162.jpeg,664,93,65,89,
1864,1162.jpeg,549,225,97,110,
1865,1162.jpeg,113,154,69,81,
1866,1162.jpeg,310,115,39,44,
1867,1163.jpg,474,368,25,31,
1868,1164.jpg,898,104,161,180,
1869,1164.jpg,661,248,147,178,
1870,1164.jpg,1228,557,66,75,
1871,1165.jpg,193,178,290,369,
1872,1166.jpg,279,62,207,239,
1873,1167.jpg,538,86,111,146,
1874,1167.jpg,783,60,35,49,
1875,1168.jpg,592,14,106,117,
1876,1168.jpg,225,131,236,293,
1877,1169.jpg,588,164,81,94,
1878,1169.jpg,312,182,92,117,
1879,1169.jpg,84,24,83,97,
1880,1169.jpg,543,83,52,65,
1881,1170.jpg,301,278,19,23,
1882,1170.jpg,12,314,92,118,
1883,1171.jpg,493,116,699,828,
1884,1172.jpg,169,162,127,158,
1885,1173.jpg,592,319,815,975,
1886,1174.jpg,272,379,119,141,
1887,1176.jpg,957,1082,1422,1767,
1888,1177.jpg,531,77,222,260,
1889,1177.jpg,156,208,154,204,
1890,1178.jpg,152,165,32,34,
1891,1180.jpg,667,115,59,74,
1892,1180.jpg,457,165,158,176,
1893,1180.jpg,154,49,106,145,
1894,1180.jpg,730,45,41,50,
1895,1180.jpg,539,99,65,74,
1896,1180.jpg,403,298,37,47,
1897,1181.jpg,1183,871,146,204,
1898,1181.jpg,2007,479,214,271,
1899,1182.jpg,282,139,537,731,
1900,1183.jpg,2174,930,422,532,
1901,1185.jpg,354,59,110,138,
1902,1187.jpg,350,158,429,587,
1903,1187.jpg,1673,401,467,644,
1904,1188.jpg,535,175,258,339,
1905,1188.jpg,-5,170,274,347,
1906,1188.jpg,401,259,185,238,
1907,1189.jpg,572,193,87,104,
1908,1189.jpg,932,218,99,104,
1909,1189.jpg,189,173,127,155,
1910,1189.jpg,326,130,66,75,
1911,1189.jpg,3,142,58,76,
1912,1189.jpg,192,25,84,92,
1913,1190.jpg,743,202,263,307,
1914,1190.jpg,1606,262,260,294,
1915,1191.jpg,154,118,86,98,
1916,1191.jpg,159,468,74,90,
1917,1192.jpg,381,199,265,306,
1918,1193.jpg,104,87,204,275,
1919,1195.jpg,1531,532,1194,1454,
1920,1196.jpg,556,165,217,256,
1921,1196.jpg,281,278,64,73,
1922,1196.jpg,460,306,32,38,
1923,1196.jpg,837,325,65,78,
1924,1197.jpg,376,209,20,28,
1925,1197.jpg,147,288,35,41,
1926,1197.jpg,263,114,78,103,
1927,1197.jpg,764,106,14,17,
1928,1197.jpg,466,69,93,102,
1929,1198.jpg,296,93,51,61,
1930,1198.jpg,442,116,33,43,
1931,1199.jpg,649,466,250,323,
1932,1200.jpg,418,140,310,353,
1933,1201.jpg,157,259,678,854,
1934,1204.jpg,1141,468,312,376,
1935,1204.jpg,747,335,89,106,
1936,1204.jpg,2939,400,279,333,
1937,1204.jpg,228,597,171,177,
1938,1204.jpg,608,493,100,105,
1939,1205.jpg,540,82,98,134,
1940,1205.jpg,1638,268,113,128,
1941,1205.jpg,118,176,112,139,
1942,1205.jpg,1038,130,110,135,
1943,1206.jpg,1140,-1,164,199,
1944,1206.jpg,647,180,182,203,
1945,1206.jpg,1434,267,105,126,
1946,1206.jpg,2008,143,108,132,
1947,1206.jpg,1812,590,91,103,
1948,1206.jpg,1131,197,111,106,
1949,1207.jpg,321,93,227,296,
1950,1208.jpg,57,83,155,190,
1951,1209.jpg,3540,101,181,216,
1952,1210.jpg,1358,235,103,129,
1953,1210.jpg,1535,145,84,110,
1954,1210.jpg,848,232,87,107,
1955,1210.jpg,563,182,80,102,
1956,1210.jpg,1679,1096,25,27,
1957,1210.jpg,1581,330,29,32,
1958,1210.jpg,98,630,86,95,
1959,1210.jpg,1146,739,58,55,
1960,1210.jpg,300,241,50,65,
1961,1211.jpg,1807,447,231,278,
1962,1211.jpg,714,172,328,436,
1963,1212.jpg,273,174,82,109,
1964,1212.jpg,532,116,126,146,
1965,1212.jpg,96,497,57,72,
1966,1212.jpg,1250,48,102,130,
1967,1213.jpg,95,104,31,36,
1968,1213.jpg,450,36,43,50,
1969,1215.jpg,2158,1384,107,137,
1970,1215.jpg,2886,924,289,341,
1971,1215.jpg,1966,1233,151,184,
1972,1218.jpg,1617,215,513,621,
1973,1220.jpg,433,114,299,358,
1974,1222.jpg,67,67,272,382,
1975,1223.jpg,626,170,279,338,
1976,1224.jpg,356,62,212,248,
1977,1229.jpg,277,196,143,167,
1978,1230.jpg,481,274,181,229,
1979,1232.jpg,497,100,65,87,
1980,1232.jpg,861,201,21,27,
1981,1232.jpg,489,166,43,45,
1982,1232.jpg,445,622,22,24,
1983,1233.jpg,839,335,18,25,
1984,1235.jpg,477,261,21,25,
1985,1235.jpg,682,86,25,34,
1986,1235.jpg,612,249,25,30,
1987,1235.jpg,292,265,23,27,
1988,1235.jpg,332,128,15,23,
1989,1235.jpg,485,111,19,27,
1990,1235.jpg,119,176,61,74,
1991,1235.jpg,394,278,18,21,
1992,1235.jpg,714,276,39,46,
1993,1236.jpg,475,41,472,570,
1994,1236.jpg,991,679,477,602,
1995,1236.jpg,1631,1059,53,62,
1996,1237.jpg,420,44,206,253,
1997,1238.jpg,56,99,38,52,
1998,1239.jpg,117,91,75,93,
1999,1240.jpg,171,251,334,470,
2000,1242.jpeg,540,86,180,212,
2001,1243.jpg,143,-30,452,597,
2002,1244.jpg,213,48,51,61,
2003,1244.jpg,776,134,60,70,
2004,1244.jpg,586,49,114,142,
2005,1244.jpg,762,206,33,41,
2006,1245.jpg,146,53,140,167,
2007,1246.jpg,322,153,150,157,
2008,1248.jpg,332,71,208,294,
2009,1249.jpg,326,46,46,53,
2010,1251.jpg,255,132,140,178,
2011,1252.jpg,297,106,103,131,
2012,1253.jpg,401,116,145,182,
2013,1254.jpg,459,225,123,127,
2014,1255.jpg,339,110,116,132,
2015,1256.jpg,305,234,46,57,
2016,1257.jpg,345,161,59,66,
2017,1257.jpg,140,75,127,164,
2018,1257.jpg,374,111,131,141,
2019,1258.jpg,207,138,60,73,
2020,1258.jpg,221,211,25,26,
2021,1259.jpg,415,55,70,86,
2022,1260.jpg,223,120,44,51,
2023,1262.jpg,605,263,103,141,
2024,1262.jpg,338,74,125,157,
2025,1263.jpeg,420,165,99,116,
2026,1264.jpg,214,336,246,302,
2027,1265.jpg,433,64,186,243,
2028,1265.jpg,162,15,111,144,
2029,1266.jpg,321,172,54,71,
2030,1266.jpg,124,43,69,79,
2031,1266.jpg,464,50,79,103,
2032,1266.jpg,130,85,61,62,
2033,1267.jpg,113,144,147,181,
2034,1268.jpg,839,73,105,121,
2035,1269.jpg,558,122,56,63,
2036,1269.jpg,173,138,59,60,
2037,1269.jpg,430,97,43,48,
2038,1269.jpg,292,143,64,66,
2039,1269.jpg,137,99,41,44,
2040,1269.jpg,299,79,46,59,
2041,1270.jpg,293,75,14,18,
2042,1270.jpg,324,106,19,22,
2043,1270.jpg,378,138,58,65,
2044,1270.jpg,527,95,59,75,
2045,1270.jpg,328,78,10,13,
2046,1270.jpg,446,255,24,39,
2047,1271.jpg,1829,792,1456,1715,
2048,1274.jpg,1085,262,51,57,
2049,1274.jpg,964,212,50,59,
2050,1274.jpg,497,243,64,79,
2051,1274.jpg,749,170,57,72,
2052,1274.jpg,881,271,31,33,
2053,1274.jpg,210,200,31,39,
2054,1274.jpg,289,256,57,63,
2055,1274.jpg,581,142,98,117,
2056,1274.jpg,1146,293,30,32,
2057,1274.jpg,133,221,50,56,
2058,1274.jpg,481,215,24,33,
2059,1274.jpg,861,277,14,16,
2060,1274.jpg,318,193,25,27,
2061,1274.jpg,35,236,76,90,
2062,1274.jpg,980,263,36,35,
2063,1275.jpg,254,148,97,107,
2064,1275.jpg,613,216,114,124,
2065,1276.jpg,700,110,77,92,
2066,1276.jpg,209,85,80,103,
2067,1276.jpg,503,113,68,83,
2068,1277.jpg,151,38,375,443,
2069,1279.jpg,308,48,161,195,
2070,1281.jpg,127,149,109,126,
2071,1283.jpg,412,157,250,333,
2072,1284.jpeg,485,196,141,187,
2073,1284.jpeg,867,554,14,19,
2074,1285.jpg,220,177,197,229,
2075,1286.jpg,157,384,225,267,
2076,1286.jpg,607,118,306,369,
2077,1286.jpg,1452,515,216,259,
2078,1286.jpg,1020,325,177,212,
2079,1288.jpg,193,297,318,385,
2080,1289.jpg,416,116,100,134,
2081,1289.jpg,185,254,84,112,
2082,1290.jpg,340,174,184,210,
2083,1291.jpg,245,27,165,195,
2084,1292.jpg,410,157,43,49,
2085,1293.jpg,46,223,43,50,
2086,1294.jpg,898,-14,345,381,
2087,1295.jpg,342,69,56,64,
2088,1295.jpg,121,104,57,74,
2089,1295.jpg,572,150,54,65,
2090,1296.jpg,835,119,311,388,
2091,1296.jpg,681,235,55,68,
2092,1297.jpg,235,81,140,179,
2093,1298.jpg,252,219,286,367,
2094,1299.jpg,186,153,58,68,
2095,1299.jpg,585,134,37,44,
2096,1300.jpg,126,197,283,331,
2097,1301.jpg,476,273,122,155,
2098,1301.jpg,594,99,105,161,
2099,1302.jpg,170,268,156,211,
2100,1303.jpg,20,188,51,62,
2101,1303.jpg,135,197,36,42,
2102,1303.jpg,546,214,130,138,
2103,1303.jpg,870,195,112,132,
2104,1303.jpg,825,71,32,42,
2105,1303.jpg,755,206,38,46,
2106,1303.jpg,155,135,25,29,
2107,1303.jpg,715,186,32,41,
2108,1303.jpg,341,271,35,43,
2109,1304.jpg,396,34,53,59,
2110,1305.jpg,33,694,224,282,
2111,1305.jpg,345,339,217,246,
2112,1305.jpg,562,380,157,207,
2113,1305.jpg,283,587,282,344,
2114,1305.jpg,-9,230,172,241,
2115,1305.jpg,265,805,180,243,
2116,1306.jpg,305,51,158,230,
2117,1306.jpg,160,291,46,50,
2118,1307.jpg,753,338,143,148,
2119,1307.jpg,534,157,176,196,
2120,1307.jpg,317,269,68,78,
2121,1308.jpg,874,193,1198,1590,
2122,1309.jpg,441,160,226,278,
2123,1309.jpg,52,119,264,357,
2124,1310.jpg,519,118,82,105,
2125,1310.jpg,73,196,110,124,
2126,1310.jpg,988,69,101,115,
2127,1310.jpg,202,113,70,84,
2128,1310.jpg,376,101,66,83,
2129,1310.jpg,623,111,55,77,
2130,1310.jpg,789,81,84,102,
2131,1310.jpg,136,382,108,125,
2132,1310.jpg,669,162,36,45,
2133,1310.jpg,305,214,32,38,
2134,1312.jpg,3852,986,80,94,
2135,1312.jpg,3424,947,85,100,
2136,1312.jpg,2438,986,54,75,
2137,1312.jpg,675,1378,317,394,
2138,1312.jpg,2252,958,30,36,
2139,1312.jpg,2450,934,19,22,
2140,1312.jpg,2204,914,26,32,
2141,1312.jpg,3906,932,19,21,
2142,1312.jpg,1019,917,19,24,
2143,1312.jpg,2916,882,21,26,
2144,1312.jpg,3020,900,26,32,
2145,1312.jpg,1213,1244,123,153,
2146,1312.jpg,1745,968,106,131,
2147,1312.jpg,3546,930,16,18,
2148,1313.jpg,262,432,94,109,
2149,1313.jpg,885,310,122,154,
2150,1313.jpg,748,386,113,136,
2151,1313.jpg,1262,130,125,142,
2152,1313.jpg,76,383,83,99,
2153,1313.jpg,474,273,89,126,
2154,1313.jpg,382,375,116,145,
2155,1313.jpg,1281,391,170,203,
2156,1313.jpg,1116,226,123,147,
2157,1313.jpg,565,348,118,144,
2158,1313.jpg,778,261,114,148,
2159,1313.jpg,166,377,103,129,
2160,1313.jpg,741,211,79,100,
2161,1314.jpg,143,188,215,251,
2162,1315.jpg,178,359,24,27,
2163,1316.jpg,577,610,131,167,
2164,1318.jpg,271,97,28,31,
2165,1319.jpg,158,303,228,290,
2166,1320.jpg,213,111,159,196,
2167,1322.jpg,134,63,211,241,
2168,1322.jpg,622,389,145,184,
2169,1323.jpg,676,290,278,324,
2170,1324.jpg,558,83,178,226,
2171,1324.jpg,710,146,73,105,
2172,1325.jpg,397,246,213,250,
2173,1327.jpg,828,263,150,172,
2174,1327.jpg,318,95,145,171,
2175,1327.jpg,714,62,43,50,
2176,1328.jpg,99,70,59,62,
2177,1328.jpg,169,70,17,21,
2178,1329.jpg,758,317,120,151,
2179,1329.jpg,1158,285,131,154,
2180,1329.jpg,2344,123,148,186,
2181,1330.jpg,438,117,50,64,
2182,1330.jpg,228,90,42,55,
2183,1332.jpg,-4,348,59,77,
2184,1333.jpg,818,220,168,209,
2185,1333.jpg,182,238,211,244,
2186,1334.jpg,10,246,79,96,
2187,1334.jpg,109,316,45,60,
2188,1334.jpg,442,106,69,71,
2189,1335.jpg,226,114,25,31,
2190,1335.jpg,375,101,18,20,
2191,1336.jpg,315,149,103,130,
2192,1336.jpg,155,85,79,86,
2193,1337.jpg,321,398,59,79,
2194,1337.jpg,642,393,20,24,
2195,1337.jpg,95,24,26,34,
2196,1338.jpg,170,242,283,333,
2197,1340.jpg,253,169,53,68,
2198,1341.jpg,469,92,56,59,
2199,1342.jpg,240,130,59,67,
2200,1342.jpg,155,116,65,79,
2201,1342.jpg,158,174,65,71,
2202,1342.jpg,120,1,64,68,
2203,1343.jpg,278,255,334,424,
2204,1343.jpg,656,96,359,412,
2205,1344.jpg,336,64,42,58,
2206,1344.jpg,205,145,52,61,
2207,1345.jpg,303,140,51,58,
2208,1346.jpg,385,147,239,261,
2209,1347.jpg,326,194,58,69,
2210,1347.jpg,242,137,52,61,
2211,1347.jpg,131,190,57,66,
2212,1348.jpg,176,127,33,42,
2213,1348.jpg,499,166,29,34,
2214,1349.jpg,136,358,41,46,
2215,1349.jpg,328,92,46,49,
2216,1350.jpg,1469,253,135,164,
2217,1350.jpg,388,126,236,260,
2218,1350.jpg,1285,343,90,104,
2219,1350.jpg,523,405,267,349,
2220,1350.jpg,1102,407,98,121,
2221,1350.jpg,1789,289,127,154,
2222,1350.jpg,228,343,146,168,
2223,1351.jpg,457,120,247,316,
2224,1352.jpg,425,139,49,58,
2225,1352.jpg,131,215,48,53,
2226,1352.jpg,315,162,38,53,
2227,1352.jpg,382,221,47,57,
2228,1352.jpg,140,144,45,54,
2229,1352.jpg,605,148,45,52,
2230,1352.jpg,611,200,28,34,
2231,1352.jpg,896,201,44,56,
2232,1353.jpg,302,51,77,91,
2233,1353.jpg,84,86,59,70,
2234,1353.jpg,471,114,52,60,
2235,1353.jpg,93,115,51,63,
2236,1355.jpg,622,33,47,56,
2237,1355.jpg,537,70,54,73,
2238,1355.jpg,273,65,40,48,
2239,1355.jpg,263,38,28,35,
2240,1355.jpg,306,40,26,28,
2241,1355.jpg,114,48,26,32,
2242,1356.jpg,551,240,55,69,
2243,1356.jpg,341,158,61,77,
2244,1358.jpg,612,151,175,214,
2245,1359.jpg,795,136,224,281,
2246,1359.jpg,234,192,67,92,
2247,1359.jpg,501,184,101,149,
2248,1359.jpg,156,170,56,89,
2249,1360.jpg,434,218,99,117,
2250,1360.jpg,965,130,51,63,
2251,1360.jpg,336,149,56,75,
2252,1360.jpg,688,108,47,58,
2253,1360.jpg,1131,139,49,60,
2254,1360.jpg,521,147,36,45,
2255,1360.jpg,1055,186,71,90,
2256,1360.jpg,570,222,125,176,
2257,1360.jpg,225,152,71,92,
2258,1360.jpg,570,123,45,48,
2259,1360.jpg,760,195,81,90,
2260,1360.jpg,129,134,40,50,
2261,1360.jpg,185,112,51,63,
2262,1360.jpg,108,253,143,198,
2263,1360.jpg,884,101,63,80,
2264,1361.jpg,206,50,118,146,
2265,1362.jpg,715,303,371,451,
2266,1363.jpg,214,299,660,888,
2267,1364.jpg,362,57,125,140,
2268,1365.jpg,1516,741,678,806,
2269,1366.jpg,404,131,108,131,
2270,1367.jpg,985,384,282,348,
2271,1368.jpg,482,116,94,112,
2272,1368.jpg,214,85,101,116,
2273,1369.jpg,398,87,177,248,
2274,1370.jpg,3,396,113,147,
2275,1370.jpg,691,130,72,111,
2276,1370.jpg,227,439,55,67,
2277,1370.jpg,377,59,106,132,
2278,1371.jpg,403,221,95,119,
2279,1372.jpg,812,283,123,145,
2280,1372.jpg,398,353,53,84,
2281,1373.jpg,213,170,199,231,
2282,1373.jpg,732,53,77,97,
2283,1373.jpg,644,165,152,177,
2284,1373.jpg,199,50,88,105,
2285,1373.jpg,644,265,188,217,
2286,1374.jpg,544,119,140,175,
2287,1374.jpg,219,108,99,114,
2288,1374.jpg,57,62,61,73,
2289,1374.jpg,120,60,63,80,
2290,1375.jpg,329,115,51,62,
2291,1375.jpg,721,92,39,59,
2292,1376.jpg,0,311,27,33,
2293,1376.jpg,109,257,20,29,
2294,1376.jpg,132,276,14,18,
2295,1377.jpg,887,568,194,240,
2296,1379.jpg,599,177,88,110,
2297,1380.jpg,332,30,59,69,
2298,1381.jpg,16,362,194,247,
2299,1381.jpg,372,19,178,213,
2300,1381.jpg,554,293,166,231,
2301,1381.jpg,713,154,188,227,
2302,1381.jpg,450,141,157,205,
2303,1381.jpg,236,217,83,106,
2304,1381.jpg,603,298,168,252,
2305,1382.jpg,577,85,81,102,
2306,1383.jpg,133,90,176,224,
2307,1384.jpg,771,91,30,39,
2308,1384.jpg,377,65,25,33,
2309,1384.jpg,101,60,29,26,
2310,1384.jpg,247,62,22,30,
2311,1385.jpg,467,185,33,40,
2312,1385.jpg,567,362,30,37,
2313,1386.jpg,352,112,32,37,
2314,1386.jpg,336,337,73,91,
2315,1386.jpg,27,110,93,108,
2316,1386.jpg,564,103,37,48,
2317,1386.jpg,389,90,34,41,
2318,1386.jpg,255,137,32,39,
2319,1386.jpg,469,164,56,70,
2320,1386.jpg,598,159,55,69,
2321,1386.jpg,409,180,78,98,
2322,1386.jpg,533,180,77,95,
2323,1386.jpg,239,201,82,95,
2324,1386.jpg,462,100,34,40,
2325,1386.jpg,298,131,30,38,
2326,1386.jpg,328,194,63,73,
2327,1386.jpg,522,97,32,39,
2328,1386.jpg,664,97,35,44,
2329,1386.jpg,420,98,34,41,
2330,1386.jpg,47,204,47,52,
2331,1387.jpg,477,287,91,113,
2332,1388.jpg,435,108,47,54,
2333,1388.jpg,105,76,53,61,
2334,1388.jpg,706,21,91,112,
2335,1388.jpg,180,230,47,54,
2336,1389.jpg,562,150,56,74,
2337,1389.jpg,40,118,24,32,
2338,1389.jpg,397,141,35,41,
2339,1389.jpg,490,115,52,63,
2340,1389.jpg,269,31,52,71,
2341,1390.jpg,574,205,94,131,
2342,1390.jpg,416,190,79,110,
2343,1391.jpg,538,212,30,36,
2344,1392.jpg,74,164,24,27,
2345,1392.jpg,280,159,40,43,
2346,1392.jpg,197,126,24,28,
2347,1393.jpg,379,108,83,110,
2348,1393.jpg,574,30,80,102,
2349,1393.jpg,67,79,69,75,
2350,1393.jpg,491,101,32,42,
2351,1393.jpg,252,127,33,41,
2352,1394.jpg,975,251,517,629,
2353,1395.jpg,445,90,119,148,
2354,1395.jpg,42,84,177,208,
2355,1396.jpg,245,220,60,72,
2356,1396.jpg,862,344,26,28,
2357,1396.jpg,738,242,21,23,
2358,1396.jpg,853,247,21,31,
2359,1396.jpg,409,319,48,55,
2360,1397.jpg,341,62,68,78,
2361,1397.jpg,792,313,123,146,
2362,1397.jpg,505,64,73,96,
2363,1397.jpg,40,155,65,79,
2364,1397.jpg,652,122,89,101,
2365,1397.jpg,23,176,33,43,
2366,1399.jpg,256,204,86,89,
2367,1400.jpg,321,35,28,34,
2368,1402.jpg,381,217,36,40,
2369,1403.jpg,725,126,60,69,
2370,1403.jpg,1088,126,41,52,
2371,1403.jpg,233,228,146,177,
2372,1403.jpg,464,149,26,32,
2373,1403.jpg,546,125,26,39,
2374,1403.jpg,1012,119,34,49,
2375,1404.jpg,605,112,49,64,
2376,1404.jpg,172,163,42,52,
2377,1404.jpg,288,96,48,53,
2378,1404.jpg,391,41,42,49,
2379,1404.jpg,504,84,46,53,
2380,1404.jpg,696,77,44,51,
2381,1404.jpg,126,127,44,60,
2382,1405.jpg,363,126,282,300,
2383,1405.jpg,-57,42,358,471,
2384,1406.jpg,247,151,416,582,
2385,1410.jpg,562,331,102,123,
2386,1412.jpg,978,170,52,60,
2387,1412.jpg,749,100,85,99,
2388,1412.jpg,953,101,36,40,
2389,1413.jpg,1317,378,110,141,
2390,1413.jpg,802,201,67,104,
2391,1413.jpg,688,229,127,159,
2392,1413.jpg,909,162,176,225,
2393,1415.jpg,114,104,44,56,
2394,1415.jpg,401,47,49,57,
2395,1416.jpg,1725,150,241,288,
2396,1416.jpg,145,516,147,176,
2397,1416.jpg,1092,336,187,206,
2398,1416.jpg,1455,477,112,128,
2399,1416.jpg,579,384,162,195,
2400,1417.jpg,506,304,161,171,
2401,1418.jpg,693,327,68,82,
2402,1418.jpg,47,149,67,85,
2403,1418.jpg,934,241,35,44,
2404,1418.jpg,804,201,43,54,
2405,1418.jpg,453,264,51,63,
2406,1418.jpg,517,347,74,90,
2407,1418.jpg,362,220,47,55,
2408,1418.jpg,-4,238,47,55,
2409,1418.jpg,510,233,43,54,
2410,1418.jpg,1115,209,32,40,
2411,1418.jpg,526,200,29,37,
2412,1418.jpg,631,132,49,63,
2413,1418.jpg,821,258,37,55,
2414,1418.jpg,854,200,25,29,
2415,1418.jpg,1122,175,40,50,
2416,1419.jpg,444,160,49,59,
2417,1419.jpg,843,299,42,51,
2418,1420.jpg,1682,282,189,321,
2419,1421.jpg,163,65,64,78,
2420,1421.jpg,394,84,67,79,
2421,1421.jpg,577,142,52,61,
2422,1423.jpg,216,135,163,211,
2423,1423.jpg,473,112,155,192,
2424,1423.jpg,506,300,54,57,
2425,1426.jpg,1790,778,336,417,
2426,1426.jpg,2030,560,161,204,
2427,1426.jpg,1845,1161,187,229,
2428,1426.jpg,1910,208,61,79,
2429,1427.jpg,336,61,58,64,
2430,1427.jpg,194,109,41,50,
2431,1427.jpg,16,102,68,71,
2432,1427.jpg,91,186,37,41,
2433,1427.jpg,561,128,44,46,
2434,1427.jpg,619,189,34,42,
2435,1427.jpg,333,151,103,137,
2436,1428.jpg,251,18,68,85,
2437,1428.jpg,868,142,52,66,
2438,1428.jpg,558,139,52,78,
2439,1428.jpg,733,71,56,68,
2440,1428.jpg,67,192,44,54,
2441,1428.jpg,467,118,55,74,
2442,1429.jpg,364,170,16,19,
2443,1430.jpg,354,210,719,945,
2444,1431.jpg,569,263,85,97,
2445,1432.jpg,354,128,87,107,
2446,1432.jpg,667,93,98,112,
2447,1432.jpg,79,108,118,137,
2448,1433.jpg,762,116,59,79,
2449,1433.jpg,307,74,48,56,
2450,1433.jpg,627,83,56,63,
2451,1433.jpg,214,85,44,56,
2452,1433.jpg,72,133,47,60,
2453,1433.jpg,317,407,28,37,
2454,1433.jpg,441,146,86,94,
2455,1433.jpg,518,249,32,41,
2456,1433.jpg,615,426,38,49,
2457,1434.jpg,798,489,15,20,
2458,1435.jpg,677,310,111,130,
2459,1435.jpg,544,365,95,112,
2460,1435.jpg,1084,17,55,73,
2461,1436.jpg,95,59,129,149,
2462,1436.jpg,1346,92,158,176,
2463,1436.jpg,410,36,154,180,
2464,1436.jpg,1421,305,167,221,
2465,1436.jpg,675,229,119,177,
2466,1436.jpg,410,328,167,221,
2467,1436.jpg,1111,286,103,155,
2468,1436.jpg,158,397,189,232,
2469,1436.jpg,17,386,141,182,
2470,1436.jpg,247,289,97,115,
2471,1437.jpg,194,84,75,94,
2472,1437.jpg,30,121,61,74,
2473,1437.jpg,691,51,40,44,
2474,1437.jpg,696,143,51,63,
2475,1437.jpg,466,139,51,62,
2476,1437.jpg,796,114,60,75,
2477,1437.jpg,623,98,34,39,
2478,1437.jpg,565,79,26,34,
2479,1437.jpg,296,120,52,64,
2480,1437.jpg,854,43,24,30,
2481,1438.jpg,540,-1,62,66,
2482,1438.jpg,251,52,38,54,
2483,1438.jpg,346,58,51,68,
2484,1439.jpg,456,142,207,250,
2485,1439.jpg,117,231,152,187,
2486,1440.jpg,358,150,135,158,
2487,1440.jpg,959,502,32,41,
2488,1440.jpg,0,378,43,58,
2489,1441.jpg,1445,390,92,120,
2490,1441.jpg,907,329,259,305,
2491,1441.jpg,1279,430,92,115,
2492,1441.jpg,1591,396,59,68,
2493,1441.jpg,1814,610,72,88,
2494,1442.jpg,351,150,96,120,
2495,1442.jpg,539,176,90,99,
2496,1443.jpg,414,220,93,127,
2497,1444.jpg,697,97,76,93,
2498,1444.jpg,417,150,67,76,
2499,1444.jpg,823,107,86,95,
2500,1444.jpg,553,131,62,69,
2501,1444.jpg,945,116,32,43,
2502,1445.jpg,839,181,67,80,
2503,1445.jpg,495,175,65,76,
2504,1446.jpg,483,192,27,34,
2505,1446.jpg,275,161,22,27,
2506,1446.jpg,647,196,46,58,
2507,1446.jpg,100,151,30,34,
2508,1446.jpg,350,154,25,30,
2509,1446.jpg,222,168,23,28,
2510,1447.jpg,767,180,44,62,
2511,1447.jpg,639,143,73,92,
2512,1448.jpg,152,234,17,21,
2513,1448.jpg,895,203,35,43,
2514,1448.jpg,1211,159,122,157,
2515,1449.jpg,74,223,214,284,
2516,1449.jpg,451,-4,143,174,
2517,1449.jpg,698,101,290,323,
2518,1449.jpg,858,102,186,258,
2519,1449.jpg,562,378,108,129,
2520,1450.jpg,518,349,48,62,
2521,1451.jpeg,244,60,54,62,
2522,1452.jpg,405,90,63,78,
2523,1452.jpg,761,49,145,176,
2524,1452.jpg,58,233,145,165,
2525,1452.jpg,560,115,127,172,
2526,1452.jpg,954,201,40,51,
2527,1452.jpg,900,130,58,92,
2528,1452.jpg,491,84,25,31,
2529,1452.jpg,470,63,21,31,
2530,1452.jpg,151,240,96,132,
2531,1453.jpg,455,47,186,253,
2532,1454.jpg,484,106,120,136,
2533,1454.jpg,760,211,79,89,
2534,1455.jpg,321,-11,383,449,
2535,1456.jpg,350,97,169,178,
2536,1457.jpg,644,240,26,28,
2537,1458.jpg,1383,700,206,255,
2538,1458.jpg,1720,678,148,181,
2539,1458.jpg,910,493,210,256,
2540,1458.jpg,1918,787,83,88,
2541,1459.jpg,483,65,74,90,
2542,1460.jpg,211,20,59,68,
2543,1460.jpg,414,88,75,97,
2544,1460.jpg,195,213,61,71,
2545,1460.jpg,291,248,32,40,
2546,1460.jpg,513,65,46,54,
2547,1461.jpg,339,172,10,13,
2548,1461.jpg,278,116,23,30,
2549,1461.jpg,155,131,22,28,
2550,1462.jpg,403,105,90,111,
2551,1463.jpg,529,90,97,115,
2552,1464.jpg,743,97,26,34,
2553,1466.jpg,435,57,126,160,
2554,1466.jpg,100,-7,143,209,
2555,1466.jpg,55,300,39,48,
2556,1467.jpg,398,12,33,40,
2557,1467.jpg,865,52,47,56,
2558,1467.jpg,172,39,35,42,
2559,1467.jpg,371,81,35,38,
2560,1467.jpg,1090,56,52,77,
2561,1467.jpg,567,57,33,42,
2562,1467.jpg,615,50,54,68,
2563,1467.jpg,321,42,14,20,
2564,1468.jpeg,642,74,87,113,
2565,1468.jpeg,109,46,86,102,
2566,1469.jpg,463,169,125,154,
2567,1469.jpg,704,207,138,162,
2568,1469.jpg,129,104,90,108,
2569,1469.jpg,309,126,82,98,
2570,1469.jpg,675,91,62,81,
2571,1469.jpg,317,285,133,154,
2572,1469.jpg,417,46,62,75,
2573,1469.jpg,337,191,84,97,
2574,1469.jpg,745,108,56,70,
2575,1469.jpg,-4,96,56,82,
2576,1470.jpg,343,181,15,19,
2577,1470.jpg,288,175,18,23,
2578,1472.jpg,673,135,123,155,
2579,1473.jpg,282,88,225,252,
2580,1474.jpg,574,194,48,59,
2581,1474.jpg,670,242,55,63,
2582,1474.jpg,402,112,69,89,
2583,1474.jpg,220,56,51,75,
2584,1474.jpg,722,742,22,23,
2585,1476.jpg,712,167,59,70,
2586,1476.jpg,467,125,78,96,
2587,1476.jpg,564,86,59,74,
2588,1477.jpg,250,126,269,371,
2589,1478.jpg,313,105,122,134,
2590,1478.jpg,201,95,79,97,
2591,1478.jpg,29,75,121,127,
2592,1481.jpg,212,22,78,107,
2593,1481.jpg,376,96,68,76,
2594,1482.jpg,116,47,124,148,
2595,1482.jpg,338,113,122,138,
2596,1484.jpg,295,109,98,106,
2597,1485.jpg,383,49,44,45,
2598,1485.jpg,510,68,50,62,
2599,1486.jpg,248,106,127,158,
2600,1487.jpg,308,141,108,146,
2601,1488.jpg,229,98,521,718,
2602,1489.jpg,396,19,86,110,
2603,1490.jpg,527,69,314,410,
2604,1491.jpg,565,92,277,349,
2605,1492.jpg,110,-42,436,525,
2606,1493.jpg,240,363,283,326,
2607,1495.jpg,420,80,50,63,
2608,1495.jpg,64,119,41,49,
2609,1496.jpg,529,151,46,58,
2610,1496.jpg,314,391,145,175,
2611,1496.jpg,116,324,103,124,
2612,1496.jpg,551,220,67,91,
2613,1496.jpg,658,66,26,35,
2614,1496.jpg,649,202,48,56,
2615,1496.jpg,713,68,19,24,
2616,1497.jpg,414,115,81,97,
2617,1497.jpg,717,157,19,24,
2618,1498.jpg,893,147,125,163,
2619,1498.jpg,1316,737,39,48,
2620,1499.jpg,385,272,37,44,
2621,1499.jpg,580,265,44,52,
2622,1499.jpg,220,225,76,99,
2623,1499.jpg,469,236,39,52,
2624,1502.jpg,745,16,171,225,
2625,1503.jpg,578,336,59,73,
2626,1504.jpg,450,124,91,114,
2627,1504.jpg,864,177,166,195,
2628,1504.jpg,329,204,147,172,
2629,1505.jpg,379,81,41,46,
2630,1506.jpg,178,226,94,119,
2631,1506.jpg,445,110,201,263,
2632,1507.jpg,473,22,44,60,
2633,1507.jpg,431,164,42,46,
2634,1508.jpg,958,100,386,508,
2635,1508.jpg,341,141,394,542,
2636,1509.jpg,483,88,55,65,
2637,1509.jpg,82,12,70,96,
2638,1509.jpg,208,101,40,50,
2639,1509.jpg,180,76,33,40,
2640,1510.jpg,559,221,27,34,
2641,1510.jpg,279,91,48,58,
2642,1510.jpg,244,281,24,34,
2643,1510.jpg,33,190,49,56,
2644,1511.jpg,260,43,41,51,
2645,1512.jpg,267,126,271,349,
2646,1513.jpg,389,158,302,342,
2647,1514.jpg,419,121,202,239,
2648,1515.jpg,376,100,342,434,
2649,1516.jpg,882,102,51,68,
2650,1517.jpg,178,99,338,466,
2651,1518.jpg,379,265,283,293,
2652,1521.jpg,348,599,22,28,
2653,1522.jpg,737,47,49,60,
2654,1522.jpg,447,359,43,46,
2655,1522.jpg,17,94,42,51,
2656,1523.jpg,345,68,422,542,
2657,1524.jpg,871,135,80,95,
2658,1524.jpg,508,85,80,94,
2659,1524.jpg,178,63,52,60,
2660,1525.jpg,175,187,117,138,
2661,1525.jpg,-3,164,94,125,
2662,1525.jpg,1294,-36,188,246,
2663,1525.jpg,526,312,127,160,
2664,1525.jpg,384,234,87,114,
2665,1525.jpg,675,230,156,178,
2666,1525.jpg,530,164,48,67,
2667,1526.jpg,673,113,680,836,
2668,1527.jpg,537,113,185,266,
2669,1528.jpg,609,177,66,82,
2670,1528.jpg,215,45,91,115,
2671,1529.jpg,146,445,17,24,
2672,1529.jpg,544,325,37,45,
2673,1529.jpg,1244,391,10,14,
2674,1529.jpg,597,335,32,37,
2675,1529.jpg,752,360,90,117,
2676,1529.jpg,1160,215,14,17,
2677,1530.jpg,266,201,137,186,
2678,1530.jpg,54,274,58,75,
2679,1532.jpg,49,208,77,104,
2680,1532.jpg,526,177,16,20,
2681,1532.jpg,647,182,86,119,
2682,1532.jpg,590,190,11,15,
2683,1532.jpg,253,149,17,21,
2684,1532.jpg,778,237,9,11,
2685,1532.jpg,767,288,13,19,
2686,1533.jpg,228,98,119,132,
2687,1534.jpg,495,72,134,165,
2688,1535.jpg,308,144,46,57,
2689,1535.jpg,539,140,49,62,
2690,1535.jpg,221,127,53,56,
2691,1535.jpg,361,177,35,49,
2692,1536.jpg,604,191,256,332,
2693,1537.jpg,793,484,299,356,
2694,1538.jpg,604,391,189,233,
2695,1538.jpg,423,76,175,195,
2696,1539.jpg,196,326,489,648,
2697,1539.jpg,-8,553,72,117,
2698,1540.jpg,795,468,26,29,
2699,1540.jpg,785,469,20,23,
2700,1541.jpg,411,184,115,138,
2701,1542.jpg,346,391,622,809,
2702,1543.jpg,415,86,65,78,
2703,1543.jpg,229,131,61,73,
2704,1544.jpg,534,269,272,310,
2705,1545.jpg,330,230,143,193,
2706,1546.jpg,337,349,111,147,
2707,1546.jpg,649,118,131,162,
2708,1546.jpg,114,300,110,140,
2709,1546.jpg,841,260,66,82,
2710,1546.jpg,564,157,56,74,
2711,1547.jpg,246,466,28,34,
2712,1548.jpg,146,84,324,398,
2713,1550.jpg,553,183,21,25,
2714,1550.jpg,64,253,35,44,
2715,1550.jpg,736,187,12,15,
2716,1550.jpg,293,157,36,43,
2717,1550.jpg,662,193,13,18,
2718,1550.jpg,626,176,11,14,
2719,1550.jpg,687,183,13,15,
2720,1550.jpg,442,157,31,40,
2721,1551.jpg,252,101,89,101,
2722,1552.jpg,161,56,126,149,
2723,1552.jpg,690,57,113,133,
2724,1553.jpg,188,86,189,241,
2725,1554.jpg,291,80,221,246,
2726,1557.jpg,79,112,149,169,
2727,1559.jpg,320,-1,119,138,
2728,1559.jpg,480,69,177,226,
2729,1560.jpg,160,162,491,604,
2730,1561.jpg,369,211,532,707,
2731,1562.jpg,306,54,176,227,
2732,1562.jpg,477,164,74,107,
2733,1563.jpg,314,69,55,67,
2734,1563.jpg,508,88,61,71,
2735,1563.jpg,196,63,47,63,
2736,1563.jpg,584,82,23,32,
2737,1563.jpg,111,70,22,29,
2738,1564.jpg,178,101,100,122,
2739,1564.jpg,588,136,99,120,
2740,1564.jpg,421,124,98,116,
2741,1565.jpg,1370,207,207,238,
2742,1565.jpg,1525,1113,45,64,
2743,1565.jpg,471,409,194,227,
2744,1566.jpg,319,126,69,91,
2745,1568.jpg,208,57,315,375,
2746,1569.jpg,257,84,191,226,
2747,1569.jpg,546,288,52,63,
2748,1570.jpg,336,212,263,304,
2749,1571.jpg,217,138,150,188,
2750,1572.jpg,124,12,619,860,
2751,1573.jpg,586,263,41,48,
2752,1573.jpg,693,174,54,62,
2753,1573.jpg,219,196,79,90,
2754,1573.jpg,913,160,92,103,
2755,1574.jpg,396,141,287,355,
2756,1575.jpg,275,227,89,117,
2757,1576.jpg,150,242,390,515,
2758,1577.jpg,246,314,338,396,
2759,1578.jpg,187,201,33,42,
2760,1578.jpg,442,208,32,43,
2761,1578.jpg,635,234,45,60,
2762,1579.jpg,64,78,198,234,
2763,1580.jpg,657,344,73,90,
2764,1581.jpg,282,145,92,123,
2765,1581.jpg,495,156,64,84,
2766,1582.jpg,679,332,74,101,
2767,1583.jpg,596,130,797,937,
2768,1584.jpg,123,121,447,585,
2769,1585.jpg,388,110,101,138,
2770,1586.jpg,663,292,80,104,
2771,1586.jpg,1554,264,43,60,
2772,1586.jpg,851,180,64,84,
2773,1586.jpg,1483,266,48,55,
2774,1586.jpg,951,235,79,105,
2775,1586.jpg,211,622,30,35,
2776,1586.jpg,962,330,62,60,
2777,1587.jpg,367,87,58,68,
2778,1587.jpg,267,154,52,67,
2779,1588.jpg,468,188,45,60,
2780,1588.jpg,128,2,51,61,
2781,1588.jpg,575,176,37,77,
2782,1589.jpg,30,120,289,338,
2783,1590.jpg,281,244,311,372,
2784,1590.jpg,746,252,260,314,
2785,1591.jpg,624,77,103,121,
2786,1591.jpg,185,98,104,117,
2787,1592.jpg,719,254,283,363,
2788,1592.jpg,264,163,210,262,
2789,1593.jpg,343,270,277,399,
2790,1593.jpg,607,220,237,355,
2791,1594.jpg,315,87,242,313,
2792,1595.jpg,360,280,123,158,
2793,1596.jpg,130,213,96,117,
2794,1596.jpg,206,124,60,75,
2795,1598.jpg,663,149,269,332,
2796,1599.jpg,660,42,32,38,
2797,1599.jpg,86,73,32,41,
2798,1599.jpg,800,52,27,34,
2799,1599.jpg,588,55,58,73,
2800,1599.jpg,1004,64,19,29,
2801,1600.jpg,816,178,302,364,
2802,1601.jpg,260,92,144,188,
2803,1602.jpeg,425,155,119,153,
2804,1602.jpeg,91,34,123,154,
2805,1603.jpg,376,100,105,135,
2806,1603.jpg,194,63,93,133,
2807,1603.jpg,550,222,20,24,
2808,1604.jpg,856,53,620,822,
2809,1605.jpg,784,-78,801,1096,
2810,1608.jpeg,579,194,312,407,
2811,1608.jpeg,864,691,85,101,
2812,1609.jpg,478,301,57,73,
2813,1610.jpg,505,196,149,173,
2814,1610.jpg,1034,164,39,54,
2815,1611.jpg,346,210,107,140,
2816,1611.jpg,679,191,112,136,
2817,1612.jpg,730,137,213,267,
2818,1612.jpg,153,171,335,400,
2819,1613.jpg,307,82,250,286,
2820,1616.jpg,637,150,204,251,
2821,1617.jpg,250,105,60,71,
2822,1617.jpg,645,257,31,40,
2823,1619.jpg,109,77,61,79,
2824,1619.jpg,202,97,48,58,
2825,1620.jpg,346,147,160,207,
2826,1621.jpg,548,135,33,38,
2827,1622.jpg,285,37,143,180,
2828,1624.jpg,256,83,93,121,
2829,1625.jpg,460,113,245,293,
2830,1628.jpg,97,28,362,423,
2831,1629.jpg,193,105,79,103,
2832,1629.jpg,375,111,145,176,
2833,1630.jpg,149,38,135,205,
2834,1631.jpg,244,211,373,443,
2835,1632.jpg,207,141,87,113,
2836,1632.jpg,498,66,94,108,
2837,1634.jpg,196,113,137,158,
2838,1635.jpg,373,75,118,142,
2839,1636.jpg,181,298,127,159,
2840,1638.jpg,440,233,226,297,
2841,1638.jpg,106,79,92,113,
2842,1638.jpg,437,109,80,122,
2843,1640.jpg,204,18,133,169,
2844,1640.jpg,486,323,22,26,
2845,1641.jpg,216,29,58,69,
2846,1644.jpg,152,78,234,283,
2847,1645.jpg,207,150,153,190,
2848,1647.jpg,419,162,113,146,
2849,1648.jpg,287,283,108,130,
2850,1648.jpg,735,238,137,169,
2851,1648.jpg,643,79,97,103,
2852,1648.jpg,404,141,86,101,
2853,1648.jpg,123,113,51,56,
2854,1649.jpg,1312,554,668,752,
2855,1649.jpg,681,913,723,820,
2856,1649.jpg,1309,1045,433,443,
2857,1649.jpg,1541,1697,27,34,
2858,1650.jpg,784,260,41,47,
2859,1651.jpg,1888,140,136,141,
2860,1652.jpg,2419,312,900,1179,
2861,1653.jpg,745,226,386,493,
2862,1653.jpg,326,443,340,397,
2863,1654.jpg,1168,678,193,224,
2864,1654.jpg,1033,609,29,37,
2865,1654.jpg,680,402,218,281,
2866,1654.jpg,573,674,32,39,
2867,1654.jpg,251,647,174,203,
2868,1654.jpg,1468,602,29,43,
2869,1654.jpg,655,629,29,36,
2870,1654.jpg,12,694,40,55,
2871,1654.jpg,1417,695,74,89,
2872,1654.jpg,1034,667,34,42,
2873,1654.jpg,1426,637,52,59,
2874,1654.jpg,435,92,61,76,
2875,1654.jpg,103,693,38,54,
2876,1655.jpg,921,263,122,161,
2877,1655.jpg,512,242,65,88,
2878,1656.jpg,572,154,86,110,
2879,1656.jpg,251,109,79,90,
2880,1657.jpg,456,269,117,156,
2881,1658.jpg,220,238,91,107,
2882,1658.jpg,999,257,105,130,
2883,1658.jpg,433,68,134,155,
2884,1658.jpg,1011,351,82,87,
2885,1659.jpg,784,21,38,50,
2886,1659.jpg,644,299,116,156,
2887,1659.jpg,661,249,29,34,
2888,1659.jpg,663,578,75,89,
2889,1660.jpg,306,70,119,136,
2890,1661.jpg,544,12,40,54,
2891,1662.jpg,210,144,48,53,
2892,1662.jpg,328,120,19,27,
2893,1662.jpg,461,127,19,27,
2894,1662.jpg,356,138,39,59,
2895,1662.jpg,383,1,18,21,
2896,1662.jpg,37,133,57,60,
2897,1662.jpg,551,122,46,55,
2898,1662.jpg,275,108,28,32,
2899,1663.jpg,244,85,49,66,
2900,1665.jpg,620,84,122,162,
2901,1665.jpg,441,204,40,40,
2902,1666.jpg,322,245,35,42,
2903,1666.jpg,551,206,55,68,
2904,1666.jpg,422,233,43,50,
2905,1666.jpg,559,252,46,50,
2906,1667.jpg,1721,945,210,274,
2907,1667.jpg,709,705,57,66,
2908,1667.jpg,1203,1135,323,385,
2909,1667.jpg,1175,1576,174,187,
2910,1667.jpg,663,876,45,56,
2911,1668.jpg,1325,238,367,522,
2912,1668.jpg,1713,437,181,283,
2913,1668.jpg,849,514,235,268,
2914,1669.jpg,289,65,171,213,
2915,1670.jpg,849,180,126,157,
2916,1671.jpg,276,68,27,30,
2917,1673.jpg,737,280,65,87,
2918,1673.jpg,702,150,64,78,
2919,1674.jpg,910,212,86,111,
2920,1674.jpg,1040,204,65,80,
2921,1674.jpg,1141,220,58,73,
2922,1674.jpg,1226,187,48,62,
2923,1674.jpg,1317,195,60,73,
2924,1674.jpg,664,175,139,167,
2925,1674.jpg,279,178,49,80,
2926,1675.jpg,321,120,250,320,
2927,1677.jpg,1134,404,323,398,
2928,1678.jpg,148,11,226,303,
2929,1680.jpg,865,194,104,116,
2930,1681.jpg,536,175,72,91,
2931,1681.jpg,891,152,71,82,
2932,1681.jpg,1101,133,57,83,
2933,1681.jpg,751,190,100,105,
2934,1681.jpg,1070,627,39,44,
2935,1682.jpg,567,317,52,63,
2936,1682.jpg,796,89,44,61,
2937,1682.jpg,396,84,52,70,
2938,1682.jpg,620,8,15,21,
2939,1683.jpg,338,252,97,136,
2940,1683.jpg,641,660,94,118,
2941,1683.jpg,1041,264,87,116,
2942,1683.jpg,954,685,125,146,
2943,1683.jpg,1301,624,74,82,
2944,1684.jpg,406,157,251,329,
2945,1685.jpg,651,98,72,96,
2946,1686.jpg,63,184,136,165,
2947,1686.jpg,15,-7,147,176,
2948,1687.jpg,448,194,294,388,
2949,1688.jpg,133,47,263,332,
2950,1689.jpg,514,263,268,320,
2951,1689.jpg,1120,279,207,241,
2952,1689.jpg,1025,501,39,48,
2953,1691.jpg,535,129,392,504,
2954,1692.jpg,401,72,136,187,
2955,1693.jpg,923,1263,1447,1791,
2956,1693.jpg,961,3226,36,43,
2957,1694.jpg,185,53,71,85,
2958,1695.jpg,690,113,127,157,
2959,1695.jpg,84,97,30,39,
2960,1697.jpg,377,131,101,122,
2961,1698.jpg,148,126,88,110,
2962,1698.jpg,407,218,59,72,
2963,1698.jpg,802,202,73,94,
2964,1698.jpg,624,150,54,66,
2965,1699.jpg,159,136,62,80,
2966,1700.jpg,361,199,101,115,
2967,1700.jpg,1027,323,89,117,
2968,1701.jpg,800,478,451,553,
2969,1702.jpg,210,38,272,351,
2970,1703.jpg,487,295,98,124,
2971,1703.jpg,526,409,231,326,
2972,1703.jpg,-14,126,161,248,
2973,1703.jpg,227,407,214,267,
2974,1703.jpg,-19,450,176,268,
2975,1703.jpg,135,317,113,133,
2976,1704.jpg,421,163,131,149,
2977,1704.jpg,711,133,120,148,
2978,1705.jpg,320,37,88,115,
2979,1705.jpg,262,245,70,88,
2980,1705.jpg,73,113,59,76,
2981,1706.jpg,983,460,118,141,
2982,1706.jpg,610,248,53,67,
2983,1707.jpg,523,83,36,41,
2984,1707.jpg,218,34,53,64,
2985,1707.jpg,725,88,36,42,
2986,1708.jpg,238,225,169,193,
2987,1708.jpg,635,122,153,177,
2988,1708.jpg,784,350,167,222,
2989,1708.jpg,1638,337,167,192,
2990,1708.jpg,1211,192,221,266,
2991,1708.jpg,426,211,154,205,
2992,1708.jpg,139,95,140,156,
2993,1708.jpg,1870,236,174,209,
2994,1709.jpg,479,123,22,31,
2995,1710.jpg,712,281,37,47,
2996,1710.jpg,472,354,38,54,
2997,1710.jpg,266,341,22,29,
2998,1710.jpg,244,34,132,157,
2999,1710.jpg,637,27,108,119,
3000,1711.jpg,470,65,94,108,
3001,1711.jpg,312,179,92,108,
3002,1711.jpg,138,83,101,115,
3003,1711.jpg,116,292,26,28,
3004,1711.jpg,12,290,15,17,
3005,1713.jpg,284,88,214,279,
3006,1713.jpg,672,143,31,50,
3007,1713.jpg,101,384,47,57,
3008,1715.jpg,558,225,145,185,
3009,1716.jpg,172,460,96,114,
3010,1716.jpg,1154,462,207,238,
3011,1716.jpg,541,490,168,205,
3012,1716.jpg,1981,593,75,86,
3013,1716.jpg,1885,535,88,108,
3014,1716.jpg,1035,603,31,41,
3015,1716.jpg,1626,516,101,117,
3016,1716.jpg,-5,724,71,90,
3017,1716.jpg,1446,608,48,63,
3018,1716.jpg,1671,744,163,180,
3019,1716.jpg,1078,597,39,46,
3020,1716.jpg,880,592,86,102,
3021,1716.jpg,346,618,71,88,
3022,1716.jpg,897,837,73,87,
3023,1717.jpg,258,380,70,87,
3024,1718.jpg,61,285,29,42,
3025,1718.jpg,293,266,51,67,
3026,1718.jpg,592,179,75,83,
3027,1720.jpeg,124,54,105,126,
3028,1720.jpeg,477,42,195,287,
3029,1720.jpeg,674,165,26,34,
3030,1721.jpg,508,178,135,144,
3031,1722.jpg,38,25,327,427,
3032,1723.jpg,282,162,279,373,
3033,1724.jpg,85,71,124,140,
3034,1724.jpg,377,115,87,101,
3035,1724.jpg,281,106,94,127,
3036,1724.jpg,0,155,76,104,
3037,1724.jpg,505,74,98,124,
3038,1725.jpg,362,93,69,96,
3039,1725.jpg,75,49,79,90,
3040,1725.jpg,136,126,67,99,
3041,1725.jpg,49,160,92,113,
3042,1725.jpg,570,187,58,101,
3043,1725.jpg,316,111,60,81,
3044,1726.jpg,564,110,19,25,
3045,1726.jpg,345,108,56,59,
3046,1726.jpg,438,115,30,35,
3047,1727.jpg,158,-73,396,455,
3048,1728.jpg,863,313,200,253,
3049,1728.jpg,538,173,273,303,
3050,1729.jpg,129,61,75,95,
3051,1730.jpg,258,64,103,138,
3052,1730.jpg,207,95,33,36,
3053,1730.jpg,132,109,14,19,
3054,1730.jpg,427,121,30,33,
3055,1731.jpg,891,101,276,359,
3056,1731.jpg,557,87,398,456,
3057,1732.jpg,3712,1043,108,161,
3058,1732.jpg,1575,1393,88,114,
3059,1732.jpg,3187,997,139,177,
3060,1732.jpg,2564,318,94,122,
3061,1733.jpg,527,612,448,568,
3062,1735.jpg,342,151,205,262,
3063,1735.jpg,622,164,66,91,
3064,1735.jpg,710,192,219,254,
3065,1738.jpg,513,83,124,154,
3066,1740.jpg,195,216,137,171,
3067,1741.jpg,178,79,37,53,
3068,1741.jpg,379,104,58,67,
3069,1742.jpg,86,128,94,112,
3070,1743.jpg,321,154,35,45,
3071,1744.jpg,310,147,275,266,
3072,1744.jpg,79,148,28,36,
3073,1745.jpg,286,158,44,53,
3074,1746.jpg,569,327,65,91,
3075,1747.jpg,297,219,23,27,
3076,1748.jpg,497,105,30,44,
3077,1749.jpg,263,128,66,83,
3078,1750.jpg,540,163,100,113,
3079,1750.jpg,1126,23,125,154,
3080,1750.jpg,876,40,58,78,
3081,1750.jpg,168,110,95,127,
3082,1750.jpg,1004,91,74,99,
3083,1751.jpg,190,125,25,29,
3084,1751.jpg,292,122,26,32,
3085,1751.jpg,106,129,21,26,
3086,1751.jpg,432,136,29,33,
3087,1752.jpg,548,241,38,46,
3088,1753.jpg,58,244,31,39,
3089,1753.jpg,742,230,29,36,
3090,1753.jpg,398,117,64,77,
3091,1753.jpg,673,222,24,28,
3092,1753.jpg,133,284,22,27,
3093,1753.jpg,805,136,52,60,
3094,1753.jpg,387,396,46,43,
3095,1754.jpg,685,83,158,218,
3096,1754.jpg,258,983,95,115,
3097,1754.jpg,268,1117,66,75,
3098,1757.jpg,219,442,523,690,
3099,1758.jpg,355,40,95,116,
3100,1760.jpeg,812,185,301,413,
3101,1763.jpeg,337,179,170,195,
3102,1763.jpeg,691,194,188,202,
3103,1765.jpg,496,121,165,174,
3104,1766.jpg,926,49,47,55,
3105,1766.jpg,70,123,19,27,
3106,1766.jpg,748,86,16,19,
3107,1766.jpg,208,39,165,200,
3108,1766.jpg,555,72,62,86,
3109,1767.jpg,89,40,295,329,
3110,1767.jpg,586,195,485,570,
3111,1769.jpg,86,250,180,208,
3112,1769.jpg,257,80,220,261,
3113,1770.jpg,421,234,123,145,
3114,1770.jpg,111,112,136,151,
3115,1770.jpg,636,94,116,127,
3116,1771.jpg,1646,809,319,459,
3117,1772.jpg,157,71,47,54,
3118,1773.jpg,222,61,305,433,
3119,1774.jpg,1838,381,441,576,
3120,1774.jpg,2281,979,25,32,
3121,1775.jpg,298,270,215,298,
3122,1776.jpg,416,180,256,325,
3123,1777.jpg,108,66,139,178,
3124,1779.jpeg,622,1713,138,190,
3125,1779.jpeg,869,821,1089,1384,
3126,1779.jpeg,73,2331,204,238,
3127,1781.jpg,799,699,239,315,
3128,1781.jpg,1567,27,23,27,
3129,1781.jpg,1241,5,49,59,
3130,1781.jpg,1191,32,52,64,
3131,1781.jpg,1845,559,94,122,
3132,1781.jpg,358,2333,41,54,
3133,1781.jpg,1534,35,28,34,
3134,1782.jpg,1293,1395,761,856,
3135,1782.jpg,440,141,584,685,
3136,1783.jpg,377,105,59,70,
3137,1783.jpg,115,102,46,53,
3138,1783.jpg,144,231,49,53,
3139,1784.jpg,288,184,61,81,
3140,1785.jpg,300,259,139,149,
3141,1785.jpg,595,110,279,342,
3142,1786.jpg,1137,1519,831,986,
3143,1787.jpg,497,38,273,362,
3144,1788.jpg,614,129,540,616,
3145,1789.jpg,643,70,73,96,
3146,1789.jpg,213,4,36,42,
3147,1789.jpg,132,84,81,94,
3148,1790.jpg,200,98,230,308,
3149,1791.jpg,58,-12,233,321,
3150,1792.jpeg,125,319,125,149,
3151,1792.jpeg,385,200,280,327,
3152,1792.jpeg,797,205,162,192,
3153,1793.jpg,296,65,77,91,
3154,1794.jpg,438,118,221,279,
3155,1795.jpg,688,4,40,47,
3156,1795.jpg,125,91,73,91,
3157,1795.jpg,566,22,39,54,
3158,1795.jpg,322,50,73,95,
3159,1796.jpg,933,207,232,298,
3160,1796.jpg,728,177,84,107,
3161,1796.jpg,469,223,186,229,
3162,1797.jpg,738,235,483,638,
3163,1799.jpg,757,296,75,86,
3164,1800.jpg,956,460,246,326,
